,z0,z1,z2,z3,z4,z5,z6,z7,z8,z9,z10,z11,z12,z13,z14,z15,z16,z17,z18,z19,z20,z21,z22,z23,z24,z25,z26,z27,z28,z29,z30,z31,z32,z33,z34,z35,z36,z37,z38,z39,z40,z41,z42,z43,z44,z45,z46,z47,z48,z49,z50,z51,z52,z53,z54,z55,z56,z57,z58,z59,z60,z61,z62,z63,z64,z65,z66,z67,z68,z69,z70,z71,z72,z73,z74,z75,z76,z77,z78,z79,z80,z81,z82,z83,z84,z85,z86,z87,z88,z89,z90,z91,z92,z93,z94,z95,z96,z97,z98,z99,z100,z101,z102,z103,z104,z105,z106,z107,z108,z109,z110,z111,z112,z113,z114,z115,z116,z117,z118,z119,z120
TCGA-50-5932-01A-11R-1755-07,-513.60767,-106.93086,-205.91858,-66.58905,-92.13819,20.755552,-68.92517,138.84052,142.90071,168.55743,6.258137,-62.626858,-50.819668,561.6682,-34.7233,5.3124347,-75.6461,-20.81306,-63.466652,16.65029,-37.1615,-542.64264,64.040794,44.933926,-2.884615,35.99151,-71.54664,131.01591,-30.255695,-734.5954,27.816786,-119.650665,-62.452866,44.35193,-377.06476,41.320084,-47.313126,-76.7286,69.263405,-5.546614,62.183655,65.69889,-57.536137,557.4872,43.22929,-78.7698,111.94279,22.958742,-139.84918,-40.45625,48.89433,110.07263,-463.95645,14.655124,106.438354,-105.489296,-32.187355,24.05386,-12.598858,49.312603,55.061745,-10.462422,-43.610165,-6.6987634,31.998585,201.93884,-134.09357,-19.828053,36.055866,-507.80286,37.753452,-21.838,364.8947,-36.077126,72.125595,55.93086,-7.3303704,412.70734,97.86136,-110.17997,28.38428,-21.323801,-642.1151,148.289,19.568977,51.921288,88.434944,-195.30533,135.40712,78.85427,-7.4774127,48.20914,-35.26147,-8.525676,-22.03193,-78.48432,-29.12509,36.52948,578.0541,-56.7095,-88.6545,147.35706,-104.99571,8.31594,-680.82184,-798.99365,-81.246994,-36.743076,9.586333,23.407532,13.984032,48.077824,-81.19086,351.28073,-10.891548,56.964417,799.4524,20.840765,-66.143234,29.759491,22.041113
TCGA-55-8091-01A-11R-2241-07,-226.56006,-52.880344,6.6302524,6.051989,67.50029,11.860063,-28.832878,93.90249,93.04785,123.87132,-11.021981,-73.77136,-45.026936,221.72644,-34.824093,5.7596664,-30.880808,-33.71405,-33.08135,15.573746,-12.918094,-227.1416,32.437473,28.092289,14.405873,31.576355,-61.167816,86.40313,-24.891495,-292.99753,18.166765,-49.955837,-44.63018,29.991207,-241.3445,23.065018,-8.6840315,-44.69032,40.906326,11.39811,32.12945,47.920757,-22.20817,366.2541,31.917522,-38.58635,57.399895,14.626432,-96.90605,-1.6857679,26.565264,79.52258,-331.34836,-5.932804,65.46273,-12.228311,-21.945974,17.029257,-0.25715303,38.230537,34.37055,10.423552,-30.302183,-19.00807,17.44361,136.84438,-67.563995,-9.305693,32.090874,-388.24207,21.545322,18.504934,152.59122,-22.012526,29.912704,18.197159,-1.3589842,86.019035,52.3856,9.065359,12.837236,-17.790585,-371.2583,86.40982,6.5558414,22.629044,51.76528,-7.7010994,67.45788,51.84017,13.486057,35.803493,-31.51416,-19.601557,-13.265189,-45.79247,-18.668335,18.41569,335.1058,-16.827078,-40.595802,73.57962,-292.3262,5.0824156,-269.7323,-580.57355,-33.582123,-21.798784,10.771012,16.210033,12.173273,68.75547,-39.566544,179.51552,-19.446238,49.049156,532.72626,7.727413,-36.086132,18.60024,-1.4740912
TCGA-49-4505-01A-01R-1206-07,-233.19325,-50.40535,86.94007,42.59435,-163.14769,8.346783,-18.549156,74.89043,87.38165,174.66954,-27.809717,-74.180305,-45.90118,221.91006,-34.67933,0.4959611,-46.02258,-51.39404,-33.723278,11.523712,-4.6702785,2.7837293,25.428953,14.03524,8.486519,30.403101,-79.84793,88.01906,-27.6317,-335.57297,20.987017,-78.825264,-31.137539,41.017277,-221.56818,17.426975,17.323587,-47.970615,21.289574,4.577262,29.494312,67.04202,-18.060005,367.69525,25.984802,-51.131664,87.57854,12.960729,-138.38141,-7.355727,33.068367,85.15167,-187.59352,-11.343437,60.736454,21.772547,-31.696136,28.719477,10.62263,47.1446,10.918421,15.576361,-29.340584,-23.883402,12.291799,128.13089,-63.468597,-5.2299404,31.516611,-418.10025,14.644173,64.889595,321.36194,-7.9134808,21.698753,19.119259,-0.5161237,-151.6334,45.042496,96.45041,1.6567613,-16.54567,-429.83917,62.65957,2.3117154,44.83699,50.68176,132.87141,63.78225,45.926064,-7.020123,26.117125,-43.8511,-60.221947,-24.517355,-44.19746,0.6105937,9.588689,279.69318,-1.7766849,-36.14147,33.989502,-525.7757,8.092693,-98.107735,-561.39514,-25.59662,-17.959923,14.329914,-0.5005163,30.573353,-20.99881,-32.305046,191.43323,-42.503708,47.30479,472.47702,15.315967,-31.128313,18.749458,24.741451
TCGA-34-5232-01A-21R-1820-07,-10.784991,-76.20048,75.48359,43.822586,-164.13672,18.33722,-0.79907006,25.430014,116.67741,116.20196,-16.811926,-62.511227,-17.30176,84.14601,-52.804214,2.0944817,-24.838125,-4.710291,-53.655552,-9.539366,-0.4128613,28.096165,57.117046,31.175825,66.42049,34.336704,-51.325115,106.15127,-40.53564,120.53439,47.047806,-55.00356,-44.74805,36.1742,-240.03111,6.0939245,12.426601,-29.291618,52.103844,46.122524,26.134262,32.03511,0.56192124,185.72847,18.249388,-30.603073,38.636658,-20.918356,-60.72992,63.258568,13.769795,39.70644,-71.28718,-42.118786,44.929924,63.206818,8.829347,6.024909,-6.6563663,42.372196,23.812378,-33.08912,-4.988485,-29.00087,8.175068,97.569374,-31.771025,3.7610662,38.039585,-286.43463,22.105194,31.803999,618.1583,-24.754894,18.892166,-21.01692,5.4627085,55.46388,13.93449,36.50608,24.357775,-38.784615,-243.08746,57.657288,6.4113436,3.522686,35.568752,34.465,36.722015,57.015022,22.422155,-2.9995503,-35.67976,-100.156296,-17.960554,-86.54788,-3.8832803,3.1640902,83.6499,36.50244,-51.652004,31.352558,-87.30455,23.115606,126.72491,-506.13626,-65.8471,-22.994543,10.452829,5.458824,-6.461859,376.6863,7.6029687,-29.313288,-24.81839,31.728083,164.00339,-4.5458755,-44.04218,-0.59528416,-11.921932
TCGA-63-5131-01A-01R-1443-07,12.734065,-60.424473,47.841377,64.95468,-86.59424,28.514114,-12.41401,42.570618,72.35537,96.044106,-8.878292,-52.129192,-8.307995,-6.0580387,-33.017197,10.246314,-29.394781,-13.753037,-38.438953,2.462593,-9.061834,-63.068283,28.992653,18.667892,5.7759886,18.64829,-36.242405,68.10997,-24.555254,-4.0666194,36.524246,-61.88559,-38.265945,34.013683,-321.39062,11.300205,3.0219398,-35.039276,37.69706,17.95705,30.547491,42.06463,-14.182071,238.99571,9.130033,-29.583256,50.045887,-7.111705,-82.71412,10.366429,11.1157255,49.72372,28.580227,-33.72591,53.096428,2.2530742,2.7896917,0.26191977,-5.5737348,35.227863,20.083702,-2.0783334,-23.905846,-9.891783,-1.181712,114.28093,-50.929874,2.2729733,24.981817,-329.0257,7.0850763,40.96861,296.4935,-29.41786,22.65396,-2.9657137,2.591105,-97.87521,34.776337,31.039612,25.296371,-15.896732,-270.91086,43.477142,3.8886857,20.52612,35.15449,29.332329,45.93404,57.10249,9.119791,6.3409266,-14.622657,-48.986336,-7.816621,-45.7412,-16.07256,2.8793955,281.8442,12.867616,-32.28255,29.925766,-54.317112,11.089298,-22.381178,-306.78677,-47.768856,-23.008907,23.208939,1.035642,5.2358737,137.00258,-7.7978106,87.88332,-10.806394,37.56228,285.12936,-1.9144,-49.31898,0.321516,-8.431353
TCGA-56-A5DS-01A-11R-A27Q-07,-39.67815,-51.761414,79.70039,-1.0913041,10.779339,16.989246,-0.51791394,38.43325,83.322914,80.2345,-14.532818,-56.596733,-22.528454,-29.32894,-37.033035,9.616189,-3.607739,-28.256344,-31.067242,1.105869,-3.6433744,-48.591255,34.99639,27.875483,47.30374,29.081615,-39.836285,65.964836,-12.398188,36.954483,26.366009,-15.875491,-32.667175,31.965292,-212.90794,5.599039,6.6508207,-25.279345,43.987976,29.550482,19.860815,32.415638,-1.233317,229.67923,21.697954,-31.47006,24.36442,-11.085099,-52.070454,24.958702,14.492299,47.528805,-135.66756,-27.515522,25.31835,52.28444,0.5533524,8.284585,-0.825799,31.133396,24.291414,-4.97103,-11.484006,-23.630108,14.428017,98.09606,-29.148571,0.6144723,25.874443,-271.0682,14.96929,27.06012,309.89307,-16.49597,15.622772,-15.85717,2.5798378,-26.407408,12.153823,53.25396,13.77094,-12.929889,-267.3833,42.052208,6.9925466,4.649526,34.142063,51.263523,31.774158,38.741467,15.452838,11.357593,-26.774088,-55.659904,-6.775148,-53.45361,23.716976,-0.46828488,121.417114,20.079435,-42.30668,37.164967,-159.36931,15.283049,42.663532,-315.30408,-38.561672,-13.738087,9.509233,13.173477,-1.687558,247.2937,-1.3301528,32.596115,-25.869745,32.243683,186.4588,2.0439787,-31.218008,0.07845467,0.22371402
TCGA-22-1005-01A-01R-0692-07,-281.2065,-54.460228,16.240383,48.65229,-69.40902,21.547821,-30.515022,95.927635,88.35507,151.39598,-15.26877,-81.47491,-40.063164,256.05075,-37.122948,9.724696,-49.642506,-37.295383,-46.039864,12.732452,-11.280208,-138.7548,34.834595,25.885986,-2.554365,33.502476,-69.39418,90.10297,-40.364456,-372.00363,31.60561,-79.75794,-48.684578,42.140335,-225.84033,21.586197,0.6141537,-61.394283,40.21505,4.2854085,38.206196,61.190643,-31.304688,420.65817,32.48578,-48.057358,73.2422,11.477233,-120.03476,-0.8440855,32.744545,87.216736,-218.25975,-11.879073,70.5907,-22.266226,-28.504879,13.746219,-2.214689,37.819374,28.83914,3.4122913,-32.085346,-19.55851,10.7393875,147.73213,-63.000168,-7.0427575,36.656185,-374.39426,16.315739,47.22176,338.5385,-22.199121,34.370926,28.814398,0.03242172,-27.233604,57.578865,35.97467,11.144511,-6.4488454,-530.028,86.020775,11.030544,51.243896,61.603863,33.064743,81.116875,47.49616,3.346911,32.694946,-37.038418,-32.48639,-17.199427,-54.34234,-37.730164,10.841538,373.39017,-16.586668,-29.65669,69.131935,-350.59488,7.121112,-350.0136,-566.7619,-51.21417,-27.531404,15.815017,11.496841,29.604456,76.94528,-45.34611,236.55183,-22.578493,44.24299,571.6721,8.4002495,-45.064796,15.812674,-0.09986679
TCGA-55-7816-01A-11R-2170-07,-247.91272,-48.041878,45.223976,-58.598495,817.99725,33.501465,16.556787,41.58218,61.2708,98.95174,8.662055,-51.2328,-64.520874,15.436442,-37.70436,39.028503,0.29120296,-77.92949,-34.440098,12.3862915,-25.687136,-132.3587,95.804855,60.135647,78.09269,59.792793,-95.268166,43.331142,2.830309,-246.11946,24.526712,-111.1654,-29.608995,82.10431,277.7912,-6.594658,-34.79228,-34.97382,77.83091,-19.781033,-5.33233,113.44557,-1.8869969,-87.406204,57.104572,35.13686,9.215947,15.628896,-156.15315,73.61199,49.16804,147.75267,-884.3102,25.26073,9.975375,40.863255,-45.583965,41.610985,-16.8971,17.530638,26.831335,-19.637245,27.532602,-42.582035,86.4983,-21.460842,-48.087563,-55.801342,31.896212,-85.17089,10.356939,54.19086,173.9009,-22.514574,56.543144,-1.4625106,-1.6810541,446.24976,-32.813133,231.03336,-63.771385,-70.14064,-588.74164,120.20682,14.697566,88.11457,50.32088,223.43294,15.049116,-96.85944,-61.63475,66.00916,-34.397602,-37.49644,-17.594606,-51.61888,118.79612,13.084134,12.352368,-21.487234,-27.547441,66.627075,-587.6642,40.606773,-343.38992,59.14988,11.373147,-11.306756,-38.99283,55.054504,62.32692,-790.1291,-88.50564,-14.402202,-76.03662,-20.022646,-177.66397,26.87634,-17.88477,99.5347,19.033785
TCGA-NJ-A4YI-01A-11R-A262-07,-348.86386,-70.0181,-61.113277,-55.73338,66.92296,22.498074,-45.39751,114.51947,115.9863,157.03253,-2.741577,-74.04591,-56.3322,336.77795,-36.036995,10.939016,-38.512016,-36.08815,-49.15663,22.355844,-26.229923,-422.09286,42.59295,36.58071,4.5219545,44.930412,-68.54644,101.74349,-30.801695,-456.21637,26.096891,-90.16284,-56.818943,43.21608,-312.20193,32.711304,-21.532722,-63.880463,64.47919,5.315102,49.854004,65.00966,-36.078327,501.673,43.34997,-51.068485,85.60382,22.62347,-125.43645,-31.679096,42.347675,99.62076,-388.6212,-0.9886079,79.08063,-46.98852,-29.394224,20.580708,-1.8512586,46.87072,46.11772,0.7649129,-43.01301,-19.561594,26.353872,169.29291,-88.91184,-14.230355,32.737293,-462.28842,25.745945,-10.146528,315.41336,-33.235634,48.599476,37.790874,-3.3153758,136.0241,72.20316,-16.13892,14.626018,-15.11738,-584.8064,113.3231,10.59448,41.697372,75.86685,-59.03756,101.87641,60.618343,-2.8490858,47.008816,-36.720604,-14.795457,-8.32546,-57.00309,-23.271902,23.914206,454.3147,-37.107277,-59.960728,106.497215,-255.85606,8.708512,-433.60565,-719.0214,-50.21569,-27.146233,10.584161,25.379122,15.54809,89.09859,-61.840347,309.70157,-19.225086,61.034008,693.96893,15.249481,-53.878845,23.752546,15.998233
TCGA-38-4628-01A-01R-1206-07,-199.75914,-69.86878,64.45937,79.2218,60.8423,41.514694,-28.378849,93.61634,87.44564,185.8582,-21.615278,-81.4384,-43.52371,195.38557,-37.105198,20.495594,-41.479225,-35.39164,-47.795006,26.314285,-15.857493,-61.688267,17.799397,17.016424,-20.865118,45.060787,-76.90565,120.94322,-39.499073,-360.25574,38.585026,-93.43223,-56.096764,58.720676,-380.10574,19.98481,9.185469,-72.32011,41.590782,-4.981394,56.473846,71.55891,-34.094025,492.3137,36.50378,-58.673775,104.42662,17.289381,-186.31334,-53.12104,37.33606,85.101265,-72.9933,-29.345146,82.840866,-61.75416,-32.174072,20.84653,0.7767627,56.276897,25.155958,16.654694,-43.238804,-17.072573,9.946682,191.69893,-73.43614,-19.154554,32.953617,-496.23035,0.5536351,67.7154,400.0091,-35.373833,33.361095,29.052614,5.3416953,-237.97873,57.25025,94.49145,-0.76060015,-7.7260303,-704.32153,68.40553,5.163946,50.499454,71.46617,111.28435,101.76597,47.794655,-16.7125,37.90732,-42.084785,-81.21558,-13.036487,-56.85262,-1.9424394,-0.33835083,418.96246,-16.923374,-20.161596,70.31094,-331.779,7.3985243,-216.09749,-417.86227,-38.63157,-10.2619,22.364508,8.331145,43.757412,-103.84988,-44.198055,394.88626,-40.25876,47.550907,627.73114,21.147194,-73.403076,11.990155,34.508892
TCGA-55-6983-11A-01R-1949-07,-1839.4171,-217.3989,-614.4166,-340.83142,1392.1948,135.52937,-216.9631,488.04083,301.67853,473.2875,37.53429,-181.75932,-206.18506,1043.377,-80.21209,9.836994,-84.68668,-90.08358,-183.9386,89.42747,-109.88525,-1449.1008,164.78424,163.72859,-134.6294,201.17293,-177.08835,289.15,-95.51605,-2512.627,37.782925,-239.28484,-162.24443,166.4239,-642.0416,156.02669,-101.34044,-248.60355,118.284035,-19.176346,183.28146,184.59087,-150.14458,2824.6553,222.68703,-282.1423,294.16724,92.28196,-280.64685,-148.49913,200.86325,456.53043,-1704.8723,63.086452,191.8351,-408.09702,-133.90387,109.20765,-18.905258,89.5109,172.41801,-49.390427,-170.17815,-25.000175,127.565994,713.61273,-389.40384,-13.035582,100.08995,-753.2657,99.91524,-70.40773,1870.6305,-40.611416,253.13057,231.63452,-52.962635,633.0342,269.157,-137.14569,37.665134,7.4954276,-2839.358,504.52612,31.986092,195.70822,310.12985,-443.41922,447.75696,199.7723,-33.488766,230.244,-146.78534,148.61285,-20.448057,-190.47842,-98.68337,11.011288,1736.9824,-284.72958,-139.73512,613.8962,-829.0276,-20.149279,-2773.8596,-2717.3252,-191.82568,-106.11227,36.411175,176.25883,118.518654,786.69214,-302.55267,2130.6309,-11.925931,207.29958,3851.8972,86.99866,-156.05078,100.77137,19.380459
TCGA-63-A5MH-01A-12R-A27Q-07,13.853548,-73.16441,98.91512,5.9613566,-50.05648,14.72858,7.694923,46.105263,83.31998,119.48253,-15.216543,-86.72243,-40.033764,59.699635,-49.6868,34.551212,18.981401,-40.75469,-47.84264,5.9960866,-21.619452,-186.79826,21.843203,43.831493,56.027782,49.788982,-24.833849,103.60204,-6.020146,215.18439,33.088085,-13.941886,-44.85149,57.698414,-132.12306,1.5730258,-3.6923196,-49.620743,51.947266,34.093212,17.740051,47.043682,-18.283655,185.84242,37.28016,-36.233505,7.7182884,-7.241078,-31.340757,25.45693,9.531726,49.64423,-74.54214,-28.043802,29.784079,59.993237,9.408756,-8.401889,-11.372429,35.384766,42.178436,10.562284,-20.132332,-35.274548,20.06438,127.99115,-39.762947,0.10689539,50.216763,-277.60556,8.932451,12.690962,344.65558,-46.537502,5.8939443,-16.443127,2.445547,-33.643806,18.199768,25.137594,11.317006,-23.950819,-354.62344,69.92678,6.8719788,5.6242085,53.749454,28.645674,33.952835,42.322685,23.267685,28.064325,-13.038829,-81.494736,16.14478,-76.59257,-9.45772,26.803154,171.86931,27.398619,-79.32668,33.371284,-104.021416,25.51764,-75.258865,-584.3074,-54.750286,-33.09315,3.5803711,27.903673,-11.387395,261.13986,-3.7632494,-14.126821,-31.670284,60.39547,-78.07868,-16.078793,-37.99745,9.851173,-1.4334459
TCGA-62-A470-01A-11R-A24H-07,-601.9645,-86.95079,-252.93828,-334.6375,-6.354988,12.962951,-70.72527,157.73524,152.74406,146.18367,5.330944,-95.94603,-77.499306,506.3691,-7.036398,-1.3755739,-51.40629,-25.855764,-73.32906,65.97181,-21.86595,8.308182,60.053127,18.227608,23.80133,55.126274,-94.8235,101.95528,-30.333586,-941.0296,14.699758,-126.28775,-32.270416,40.29163,-313.71817,21.032362,-10.63513,-82.5935,47.079685,-18.95099,72.2444,46.72491,-61.82367,776.50006,34.25841,-91.70737,82.369385,39.547993,-152.96635,-35.010223,87.79892,75.631165,-344.6208,30.85562,53.136047,-132.75229,-55.13635,56.143173,-18.054329,61.34279,8.9344,4.920258,-61.955177,-10.9649105,43.96176,225.54012,-96.39879,-37.4263,33.921112,-455.90976,-13.007207,21.437027,340.8207,-36.168377,78.085396,67.953156,-21.965595,-5.069386,56.6784,-29.024202,-14.404391,22.547228,-997.7293,137.30792,29.349148,48.1089,77.857475,-166.7966,149.04109,54.90917,-47.07773,34.290916,-30.37279,-86.90602,-16.222008,-50.518044,-1.1897665,-6.6629567,302.3504,-81.5412,-2.9160256,148.87378,71.905785,-17.372488,-637.40546,-878.249,-28.279789,1.5507426,-19.73245,21.084177,25.907352,-201.29489,-83.21983,592.8984,-35.08597,44.228653,755.3237,65.512886,-66.25943,35.104374,84.074486
TCGA-34-8456-01A-21R-2326-07,-44.996544,-53.754276,55.558945,68.23512,-65.51986,19.51255,-7.217232,42.79679,66.25929,88.10898,-10.257057,-50.70373,-15.289774,84.97319,-35.962917,7.037433,-14.554667,-13.879432,-35.705933,-1.2918204,0.776003,27.36386,32.452526,27.684443,14.243939,22.557838,-37.914936,77.84569,-40.12458,-18.177958,29.631311,-49.801327,-35.60776,32.51294,-198.66547,4.9986362,5.0830207,-36.760162,41.354015,15.152005,21.197819,31.501781,-12.602273,248.04411,14.906269,-30.457298,27.217476,-9.3423605,-76.27614,11.959076,12.151579,44.705338,-28.763372,-26.67737,40.488693,5.6280684,-0.8443221,3.6798534,-6.5636625,28.470907,16.28318,-2.919262,-15.544103,-14.892185,3.4540668,101.650894,-37.464943,2.2150946,31.574848,-225.395,8.246318,30.520159,375.89117,-24.519602,15.91951,-2.7714942,3.9381847,-26.394865,17.676857,27.731161,12.325747,-3.456915,-285.42264,33.93207,8.700633,22.4409,34.97537,32.309498,44.694595,33.471622,15.766506,12.355769,-19.312307,-50.322567,-11.062474,-54.680088,-8.757057,-1.367106,200.3652,12.752085,-33.26156,26.751986,-90.0571,9.200977,-96.149025,-313.18683,-46.443073,-19.251158,13.612358,6.2531548,2.276848,151.5811,-7.410577,150.12517,-21.28309,30.479816,206.52957,-1.157651,-38.49591,3.8045511,-7.945073
TCGA-77-7138-01A-41R-2045-07,-223.00835,-67.30506,86.45923,-257.45236,504.22,5.878132,84.83471,31.537214,180.69243,184.16588,-36.943752,-104.76805,-98.63845,-55.50541,-85.856,74.161095,56.935352,-69.87339,-63.034317,19.011822,-34.330494,-493.50906,59.87082,91.19783,179.9111,111.980316,-27.24529,135.9127,45.552647,370.24487,38.05665,122.074265,-50.75337,109.012024,165.83408,-26.698185,-9.937713,-41.266598,125.31966,98.97105,15.499672,41.182907,2.9798791,181.22397,97.76876,-59.740738,-69.30755,-16.550161,-8.039882,13.208926,30.797287,60.98761,-402.03796,-29.652805,-37.569134,141.77939,24.372978,3.6964567,-6.3740597,42.717995,85.47613,6.1629705,2.0462003,-92.83653,84.67705,163.97498,-26.223488,-18.373095,66.31438,-205.77242,24.895193,-20.905323,403.80536,-27.134483,-7.0072846,-87.34692,-5.5090346,-0.107585534,-63.340214,77.62273,-24.74413,-50.99363,-856.71826,127.63205,18.30294,-75.28304,81.0669,35.144756,-3.8247707,12.480504,17.399347,40.965588,-57.48235,-187.38568,45.87159,-149.17566,154.66293,26.31527,-565.5341,63.408787,-78.34935,72.67617,-224.98093,53.51399,304.411,-565.3166,2.292981,14.099986,-48.690876,95.11847,-37.91281,673.7648,30.058784,-293.39984,-100.641846,31.31969,-553.70374,13.355746,-14.656041,-11.340947,64.34411
TCGA-43-A56U-01A-11R-A26W-07,-56.946075,-54.621593,69.137054,-25.677357,-91.643074,14.522046,2.091727,36.786774,104.24601,105.93558,-12.584221,-68.1781,-35.501213,28.33138,-44.71338,15.583027,-10.429704,-17.397888,-45.413795,5.2458425,-0.21059181,-0.24995841,43.112312,28.667255,58.153732,33.935547,-60.863277,83.34283,-20.61928,59.02238,37.279755,-33.6058,-34.001934,42.641796,-160.67712,-0.0441387,16.529564,-37.32188,44.45539,37.15377,23.05223,34.04069,-8.386019,214.80951,20.804749,-37.93941,27.668476,-11.461528,-58.04804,25.92546,17.833101,41.710293,-55.53722,-28.581736,45.707542,49.805153,-0.2687366,4.9660654,-4.5082555,40.15644,20.582447,-7.6886764,-15.584538,-34.36489,14.378492,104.43324,-26.745987,-0.15879631,37.673157,-260.58264,10.241574,44.45866,389.23575,-26.302725,12.6367445,-17.322308,-2.519405,-127.38022,5.4149776,50.144413,13.522939,-3.6716385,-340.16788,51.008232,10.465661,4.457526,37.018566,44.96321,32.246243,30.608139,11.744817,5.681698,-26.363771,-90.5311,-7.948707,-72.09533,-0.34000808,0.8356425,55.863426,27.757002,-42.5087,20.589973,-135.46985,15.429875,54.19738,-481.61862,-46.295082,-18.581186,6.8928466,9.081861,-2.8091238,293.6055,4.8930907,-14.061476,-33.15227,35.003094,153.9951,0.064613245,-32.099007,2.1904128,3.936111
TCGA-50-6597-01A-11R-1858-07,-152.83882,-75.89608,93.09213,100.12536,-339.27914,0.96987146,-23.546263,71.845,80.13527,185.62454,-26.675243,-67.16576,-36.400272,214.88582,-33.383636,2.7933085,-57.157738,-68.9619,-23.226862,11.16641,-9.189615,-96.874245,26.677145,6.453902,8.698366,14.309203,-82.58383,93.782135,-13.6735525,-313.51294,19.313875,-102.89094,-30.520832,42.96955,-345.33353,19.057924,18.828537,-55.221832,32.74856,3.571104,29.306648,59.692898,-27.750507,334.68582,18.274408,-50.77326,100.2832,12.398207,-179.31691,7.8573055,16.107035,77.34901,-86.179726,-13.642571,56.64168,40.469963,-28.662949,17.207155,6.9261227,51.379684,9.461038,0.54839826,-40.731762,-16.655064,0.80457526,136.63394,-53.30356,-4.073591,30.689648,-533.26385,13.021269,59.168575,197.48563,-13.463275,19.569063,16.578259,2.9278116,-149.38731,61.748276,71.529305,9.783045,-12.423039,-277.63016,55.002388,5.5326533,53.030582,48.66315,122.66052,60.302876,61.887497,-9.363625,24.993643,-38.403164,-62.600754,-25.062073,-35.199776,-6.9564924,21.579311,400.9659,7.346526,-38.38431,23.187473,-503.17117,2.125248,-11.033299,-595.178,-39.59864,-27.064306,25.299494,-14.492763,28.496845,-75.05177,-23.703876,147.9294,-40.836555,64.67785,406.18515,15.5287,-39.859215,13.478581,53.38408
TCGA-49-4514-01A-21R-1858-07,-233.62383,-68.10791,19.186787,81.65321,-175.28494,14.512892,-28.558376,74.65559,89.96587,138.78903,-16.179571,-55.121315,-31.773952,345.10788,-38.313343,3.6284616,-50.44854,-53.884457,-32.483017,0.15641832,-7.7877355,-154.5582,41.49855,26.865137,24.463814,29.244091,-56.505867,87.27172,-32.605278,-321.31796,27.038734,-69.923355,-51.411324,29.724957,-240.12589,13.855741,1.0665319,-51.029846,33.38205,4.9837112,32.277504,50.63968,-21.181963,360.51373,29.62431,-52.443,66.35182,5.0355997,-127.62889,11.968594,26.74804,59.454033,-167.54254,-13.40811,42.121933,-4.377803,-23.440033,10.398363,0.29566282,36.497826,23.31474,-4.44733,-26.716087,-14.733403,6.869889,130.31479,-46.845028,-1.6733757,32.768898,-354.25784,22.14384,22.591814,463.4229,-15.850642,22.711079,22.567635,8.507928,88.8539,47.281273,16.653795,2.8804796,-2.3829763,-401.26822,63.720325,11.900286,33.120483,57.800587,32.22845,70.911095,60.280502,1.8708167,32.01983,-41.66137,-44.87846,-19.523645,-67.80637,-2.520886,17.902008,334.3368,-8.269915,-30.185417,48.37851,-305.84106,11.438732,-222.38002,-553.99725,-45.0961,-22.807222,11.719317,8.7669115,5.0246167,67.69924,-36.57309,254.41609,-28.535564,37.982613,415.50052,12.405698,-42.107063,10.41919,34.06659
TCGA-80-5611-01A-01R-1628-07,-75.942665,-54.386646,130.32042,66.70883,-82.77208,26.25528,-10.764656,56.810474,79.396996,149.20499,-23.112995,-75.32832,-25.214775,11.140976,-37.613926,9.8822975,-41.05577,-38.31046,-33.44345,14.624212,-2.8454163,67.382385,21.3953,14.531014,-10.560782,26.77687,-57.80724,75.75363,-22.640228,-129.25471,35.64273,-66.08649,-35.721844,33.34884,-346.0055,16.0652,22.213358,-39.81088,18.16738,15.292424,31.861809,41.87898,-8.612694,351.42078,18.652082,-52.590786,64.8621,0.4304719,-149.24043,-16.005003,22.2527,62.884197,-71.25035,-37.89099,37.22321,10.770757,-11.75633,18.450813,8.369177,40.946064,17.131199,18.026619,-26.867262,-20.955359,-2.9888203,149.7594,-65.5187,-2.652906,29.302988,-437.89514,10.374416,70.28005,293.4204,-16.876265,17.650677,-2.7508132,-0.869787,-269.72183,39.36999,118.219406,14.717066,-12.822354,-384.1244,62.0749,-4.4917765,38.507458,41.96488,148.37761,53.70661,54.116302,1.4529446,16.510561,-38.724884,-67.04497,-15.901452,-30.024025,-7.140035,-3.7276824,312.18866,13.793918,-34.337967,19.63189,-387.8037,3.3631043,0.1558662,-375.36014,-24.06949,-19.972578,28.720903,-0.36746234,24.771755,89.03975,-15.114941,162.11511,-29.037426,44.77203,495.78918,5.5400267,-44.814117,3.8981426,13.919197
TCGA-34-2596-01A-01R-0851-07,-19.148413,-62.814857,48.029408,185.30067,-61.895184,18.5053,-12.464278,51.50736,67.8376,91.58246,-12.091177,-55.2176,-10.950721,124.285576,-34.00722,3.7842846,-27.062063,-12.914845,-38.883858,0.23209536,-5.7290096,43.68653,32.069096,20.794498,3.8159118,22.15936,-28.807735,77.87788,-45.503727,-37.982426,29.586628,-59.96434,-35.77937,29.22622,-261.54114,9.896225,7.1358075,-41.27354,37.55453,14.97083,24.598167,30.192635,-15.991492,289.3317,13.298032,-32.32079,44.713802,-5.7735176,-90.55987,20.618034,8.113133,31.1735,41.469326,-33.715065,43.255653,-5.8592424,2.4337153,0.6717406,-10.544798,30.841635,14.840996,-2.455611,-22.147259,-10.515677,-7.9938483,122.54364,-42.94455,1.7028095,34.943058,-284.11462,8.632635,22.612514,375.87326,-25.158403,15.691573,-1.7400966,5.8194995,27.115704,30.727423,6.6994033,17.2074,-6.2670355,-277.269,55.040077,4.7027564,15.188974,31.900148,16.961437,50.70914,49.629223,24.419186,12.532118,-23.227873,-51.590878,-10.81896,-51.469433,-19.039198,0.8806322,227.3304,14.096571,-30.833078,33.07729,-61.147324,-0.094173916,-58.716133,-404.64023,-42.44737,-24.688013,19.054722,-0.18550843,2.5887024,134.65208,-6.945982,154.59267,-16.47142,27.4975,230.5526,-1.422405,-46.702328,-0.6517955,-2.6063817
TCGA-55-7573-01A-11R-2039-07,-492.59573,-85.85239,-108.50628,-104.37396,87.88719,13.396032,-52.293854,139.9693,125.95519,162.78444,-5.318474,-85.88642,-63.25328,386.57578,-34.179832,10.994806,-53.731766,-57.187126,-48.15889,31.942884,-36.42955,-508.9014,54.268066,41.064526,6.9926443,50.183025,-79.158424,102.3646,-28.341095,-650.1536,19.127466,-69.48637,-52.005978,40.5013,-325.26907,42.455635,-24.776491,-64.24513,57.08908,6.971361,52.671818,64.02684,-41.17325,600.6317,52.06568,-69.75208,87.17517,29.359196,-123.18419,-33.65476,50.12553,112.48045,-541.6887,10.073068,63.152107,-49.14795,-35.96071,31.282475,3.7906773,45.42323,58.833755,13.071729,-47.12748,-22.76142,30.885416,200.31136,-108.21492,-18.562803,36.101604,-540.1623,31.815311,-13.802093,167.82455,-20.168978,56.088856,38.413273,-12.850895,194.38362,83.93625,-29.925856,15.752705,-27.831024,-649.9599,155.40448,9.890799,36.03111,81.82536,-93.28389,106.66057,75.3182,-4.3527603,56.674316,-49.585926,1.4664305,-8.055834,-52.83625,-6.6923976,30.396334,466.97314,-48.951218,-70.016594,145.9414,-358.16714,2.6109793,-511.84012,-842.3117,-40.89222,-33.308716,6.984095,34.75629,21.934694,110.574455,-73.87202,297.27026,-17.593803,64.582,833.8818,22.96487,-46.027622,27.652885,4.118139
TCGA-MP-A5C7-01A-11R-A262-07,-1047.7594,-88.26255,-590.33734,-1260.5233,-291.26437,-53.82316,-48.226906,178.30386,242.50797,171.00687,34.454395,-125.497826,-187.18544,629.51746,46.36752,-0.7867575,3.4218779,-54.783287,-90.71274,154.96382,-2.0467544,745.4121,103.757225,-12.330194,132.17813,69.04956,-168.8961,105.20426,24.418291,-1535.8395,-18.588936,-166.36348,39.264446,54.313175,63.81466,-35.753338,1.2463695,-70.72692,45.022476,-20.182676,72.76538,27.221666,-78.44797,721.9269,20.091463,-143.7383,46.288937,76.15558,-146.70949,-34.007633,151.14325,54.740646,-643.30383,114.41497,-13.322324,-242.02647,-95.15609,133.54446,-31.027992,113.19033,-53.999306,22.164955,-63.180836,-56.091293,134.35051,208.087,-60.824406,-104.97153,43.974632,-421.22937,-81.74132,62.601955,-114.33709,-47.587475,102.75099,73.53952,-71.66175,-178.79204,-43.159016,12.782643,-86.371895,34.194786,-1466.5266,144.06746,67.77231,45.724796,50.158417,-331.29984,149.09567,-2.4673338,-159.72379,-20.066343,6.140107,-198.75328,-5.729535,-35.12296,161.57849,-12.403413,-472.214,-125.61596,1.278974,150.14728,533.0482,-39.253437,-595.94604,-1297.7073,94.70872,69.696915,-121.6329,15.833228,19.89867,-970.9072,-75.72565,381.0688,-98.78671,-8.02615,-47.65915,137.60252,-21.11858,87.063866,275.45996
TCGA-50-7109-01A-11R-2039-07,-286.13422,-61.343147,-70.82542,-147.50568,-223.2532,-5.6278934,-30.916155,85.429214,98.50082,98.994484,-9.784449,-70.63439,-42.965424,332.54178,-11.971684,0.92243373,-34.682274,-24.264217,-39.552563,33.515797,-3.6030276,95.68707,43.998566,7.714101,31.709272,22.426252,-66.81036,81.127464,-24.356981,-447.71777,12.64777,-89.519394,-20.898218,25.452833,-209.54855,5.430138,2.882486,-48.186428,31.013336,-5.7911706,33.7746,29.14065,-33.102695,333.22922,13.341151,-49.235413,52.37772,17.536436,-100.08071,-0.43736863,39.17765,42.84549,-184.42293,11.397238,34.61787,-28.263369,-29.261543,29.85818,-10.378061,43.544537,-0.6008185,5.170022,-29.285086,-13.802917,20.881073,119.80255,-44.516888,-23.134836,27.917784,-358.79776,-6.822293,29.297607,153.61076,-24.318073,32.8583,27.244617,-7.442117,-5.1965714,31.290483,8.1354065,-5.433201,4.910264,-436.4531,68.11044,20.505276,35.001698,39.87416,-39.313004,72.06229,37.70928,-16.96953,9.359187,-18.512102,-78.960976,-18.791262,-40.131905,6.696873,5.4291525,168.05098,-22.11407,-18.23477,47.237286,-59.89424,-5.1759496,-226.80562,-538.9196,-31.513405,-3.818036,-9.760006,-1.7774264,15.669829,-172.8731,-33.946056,220.58682,-31.59394,27.364773,261.17072,29.580572,-36.856075,20.067331,50.346867
TCGA-43-A474-01A-11R-A24H-07,-27.292078,-82.94296,34.378025,186.6887,-83.82866,30.328531,-9.133816,56.81131,88.073296,120.47569,-6.9007382,-66.115456,-20.969486,144.2792,-55.558025,14.250114,-17.789953,-6.8324494,-61.294373,-9.038605,-9.32501,-14.179701,55.052013,45.813015,25.504025,37.48211,-33.148617,106.11984,-56.492466,58.59555,48.55615,-58.202568,-57.275368,47.754707,-234.90486,5.3544173,-1.4436654,-57.316257,69.70406,32.459084,31.255789,38.64837,-25.044985,339.72644,25.624672,-42.60365,36.483696,-17.21618,-80.17639,38.16466,11.125289,43.985775,34.828125,-44.365593,59.00809,-10.439732,11.444423,-12.1938095,-21.887234,36.480072,31.196983,-8.785153,-21.626968,-22.18764,0.54027355,148.14061,-54.682762,9.285777,53.57726,-253.62979,20.32862,23.442846,665.5512,-45.805458,19.677729,-5.3613577,7.681876,113.11528,26.5011,-15.972617,23.328463,-0.35016075,-423.4864,66.47644,10.157605,17.479563,53.792656,-23.950628,62.428093,48.021526,33.40368,19.432026,-21.999933,-65.46516,-3.6821005,-107.22771,-27.739965,5.648332,274.31946,21.41959,-49.492676,44.813457,31.735512,14.371264,-199.53365,-572.1191,-68.4112,-41.94564,19.924606,15.659365,-14.113417,309.92136,-8.655396,153.69817,-20.331215,40.714417,159.8756,-12.8908,-59.222916,1.5986514,-14.289251
TCGA-95-7948-01A-11R-2187-07,-114.277626,-32.62172,85.41724,143.70355,-374.03427,13.5482855,-12.348984,38.467415,87.08788,143.70837,-22.418512,-51.95811,-12.741582,211.19995,-32.555695,-7.6558533,-51.353374,-20.847973,-35.12047,7.0654263,0.36023253,99.13343,31.484905,7.9142833,-16.188879,0.61159915,-78.48047,95.796844,-46.148357,-223.40425,35.907078,-133.58105,-24.588926,16.920012,-172.35646,15.772077,21.7678,-37.06029,35.164257,-0.48869425,30.107452,69.9582,-17.599184,97.926346,2.3938172,-30.463524,82.57969,-8.022232,-138.00331,10.783115,11.648324,61.693615,-32.694805,-20.969645,81.80407,-16.186012,-24.161932,13.724794,5.1283436,40.816105,0.0994255,3.4898372,-15.254741,-18.189459,-3.342751,80.86778,-24.293419,-7.594273,28.71871,-341.4871,3.7941027,94.53741,209.10933,-9.021666,17.134108,7.573237,0.640659,-121.33892,35.59292,73.23889,8.860842,2.6729364,-174.79659,36.25028,9.193365,82.28678,30.21764,131.41139,47.483463,51.701874,-8.436027,6.0250993,-33.023235,-69.57417,-38.96937,-35.26833,6.691334,11.41616,280.4535,15.844593,-23.18823,10.882772,-433.2149,12.130044,-53.275402,-335.85495,-45.707733,-31.259792,22.803886,-34.33299,29.998688,-131.88785,-18.826601,7.970715,-36.28623,30.228006,297.35992,2.9283857,-28.67803,24.874702,12.059009
TCGA-75-6212-01A-11R-1755-07,-502.62662,-89.08872,-34.662445,76.97249,162.80641,32.449436,-51.156178,166.28279,115.24771,198.38098,-22.133978,-103.31992,-50.049732,413.81693,-56.801807,9.345428,-77.83864,-57.225163,-51.007935,14.47057,-24.42748,-460.19772,50.718098,53.53672,-7.273504,46.324795,-102.75412,133.82985,-58.042164,-644.67413,32.116337,-83.834885,-81.13205,44.687004,-338.2236,52.077312,-19.171806,-75.93158,58.475666,10.15364,63.20678,78.46675,-44.04869,667.55914,56.88574,-70.148605,102.70737,16.17524,-145.20477,-29.040377,43.356,130.23419,-545.99554,-6.348726,98.69832,-79.92377,-42.63489,18.941458,3.449671,42.215614,68.72793,24.873753,-46.41416,-19.245981,18.243338,220.41042,-119.71945,-4.6522517,42.475235,-522.8572,43.74201,35.612988,289.48837,-18.34256,50.07212,42.00089,2.5540872,192.62413,92.23025,-15.586341,25.494251,-1.3344872,-698.90466,129.43954,13.228994,66.52454,95.31059,-42.725986,123.20816,84.569725,27.007563,62.750027,-62.053547,19.60788,-27.861298,-72.13902,-20.786125,21.3106,614.1047,-43.677998,-39.39042,143.24805,-510.87485,15.854403,-678.21643,-728.8468,-62.378345,-40.922733,27.497839,31.422918,19.047417,200.96086,-77.752464,410.39987,-20.293797,56.05418,1078.8113,14.140261,-57.459454,18.189186,-41.53817
TCGA-86-7701-01A-11R-2170-07,-137.6465,-43.36627,40.632732,140.45999,0.4279194,12.090203,-22.23707,68.4721,59.32892,78.5564,-20.713928,-50.21712,-16.50721,276.80014,-34.488094,5.080038,-49.307938,-38.384007,-24.253323,-5.1255007,-5.722529,-97.75827,26.126738,19.57275,18.959812,16.355581,-43.10885,95.16009,-36.282974,-198.64568,26.565346,-83.44228,-50.21547,15.293731,-225.56036,22.770155,3.0662725,-40.774,38.053425,9.461015,19.890257,45.045822,-13.628423,237.45865,22.01014,-26.804955,43.797935,-0.7568348,-87.59045,16.225418,12.728686,47.66558,-201.74586,-17.426466,52.82997,-29.18786,-18.58217,3.50921,-3.615668,26.45354,23.207693,4.4968896,-16.191113,-13.039328,-2.968301,109.48694,-42.84159,-0.63029754,23.470753,-302.95355,21.164505,35.985935,245.82936,-9.170622,15.710858,8.093698,12.663785,153.44107,44.253494,14.2195635,14.160713,-12.16799,-199.38033,71.49673,10.15449,40.90672,31.962692,31.951298,57.499756,54.70806,24.044504,23.08446,-40.686123,-31.69584,-27.979805,-56.896748,-23.520563,15.8152275,274.88565,1.440771,-18.767776,34.841946,-251.95357,5.249453,-145.81387,-342.48883,-52.09167,-25.07736,10.236491,-1.178552,5.392089,31.790657,-22.027098,191.10776,-16.501053,5.8318253,417.63306,2.9610624,-35.98847,3.105527,-2.1582692
TCGA-22-4595-01A-01R-1201-07,11.470931,-71.17773,37.144337,18.120823,25.171366,11.379257,1.2000794,36.993614,90.8718,101.37096,-3.2078722,-66.22826,-34.808792,55.915276,-38.530327,11.191426,-8.582039,-1.5999142,-47.450775,5.965632,-9.077883,-1.9496188,25.727621,29.207998,43.853928,40.0244,-29.046995,81.853195,-21.922434,121.61802,25.982843,-21.507786,-28.699266,50.029205,-174.30214,-2.2958171,10.704632,-37.658443,29.323723,32.730232,22.924006,25.397404,-10.060226,244.32092,23.404913,-35.427647,21.817263,-7.605181,-65.45328,18.50654,11.249133,38.13402,24.530214,-28.639626,35.28646,57.034378,8.176757,3.4153929,-9.849813,37.87863,18.200378,-12.760221,-23.614689,-22.05075,13.1315975,102.506874,-39.405132,-2.3222432,36.315918,-227.87442,0.6637764,9.775605,400.6927,-36.532112,12.22457,-11.430742,0.6190118,-84.2229,8.0941515,10.981682,11.040984,-19.570969,-315.12378,44.92388,3.6301725,-7.422586,37.374283,-3.9106555,35.937138,31.818647,16.315506,10.551178,-17.187916,-92.12383,4.226599,-72.58223,-0.98059064,0.3409466,22.819223,17.745443,-37.09521,36.38354,13.763049,8.596291,87.28727,-569.068,-35.330784,-14.282648,6.2104173,13.883212,-9.050094,267.1792,5.2315416,48.67842,-32.187675,34.904194,109.101875,-1.2908614,-34.038696,1.6117841,16.606897
TCGA-55-6968-01A-11R-1949-07,-56.000706,-53.91901,50.864933,109.535545,-22.295933,26.26821,-23.34941,59.643253,62.110577,109.07622,-10.671904,-54.573483,-10.01672,78.03715,-18.536146,13.205567,-25.553238,-23.25665,-27.773886,16.444674,-16.351795,-26.207733,14.15512,5.4228864,-48.017445,19.409554,-28.526714,63.66922,-26.965027,-223.1558,24.02306,-58.74236,-34.266743,29.19763,-370.95917,19.019548,3.323843,-47.568535,26.771862,-4.416771,32.85984,26.769653,-22.800589,342.2309,16.109236,-37.287243,55.783497,12.799156,-117.01469,-21.938372,12.227517,55.135086,22.367455,-25.865456,41.66363,-31.148731,-12.320394,7.5605464,0.42953146,31.35828,17.003786,20.762531,-32.433895,-1.20523,-10.976991,137.55602,-58.822838,-9.569446,19.832743,-386.9492,-1.6600928,29.880207,172.31543,-23.39862,22.174383,17.763788,2.8802323,-173.45833,55.33364,54.165787,14.108562,-6.5739713,-350.38608,73.10393,-2.2751272,37.17411,42.499683,72.13473,65.24166,41.770744,-6.239014,22.1191,-21.315948,-40.635075,-4.6213465,-26.2824,-21.54315,0.680502,387.59317,-6.8007355,-18.321308,50.736282,-190.91476,-7.5357633,-112.85174,-249.8927,-27.732943,-22.89733,25.404573,1.8947291,25.833921,-73.12886,-28.237339,262.767,-9.87092,32.44363,477.6446,4.5093293,-52.36373,1.278269,12.198885
TCGA-97-A4M3-01A-11R-A24X-07,-858.0653,-133.52037,-412.82623,-461.77374,0.26078036,6.199292,-100.18973,227.80719,217.42984,177.76176,24.3247,-116.16568,-108.14428,752.3302,-11.5084505,2.6107528,-70.78634,-26.814213,-93.30098,82.98105,-35.897053,-277.48123,106.9341,38.864605,31.972519,64.441154,-126.028076,141.20703,-45.169224,-1275.7494,14.354282,-184.93471,-46.13026,52.52152,-457.09866,36.765068,-39.648026,-108.360535,94.38418,-17.376858,91.44081,52.00757,-93.14557,1016.16095,47.46921,-134.63379,126.39446,53.747692,-180.4086,-64.3918,102.56911,118.265045,-651.8064,49.36126,102.329796,-176.93024,-61.578045,68.27096,-27.921856,82.173195,31.063307,-8.19356,-84.90351,-18.033,61.091908,321.50067,-170.41666,-48.11604,55.651356,-668.1182,0.9986526,-40.8025,295.70923,-51.207516,109.150246,87.12655,-32.950306,303.71634,91.55795,-129.21103,4.893239,20.454357,-1178.126,199.27863,45.75635,55.198875,100.321754,-352.70395,198.34203,83.8096,-42.21221,52.544544,-30.935715,-87.779175,-22.23306,-65.73088,-10.01554,13.745015,465.96454,-109.61718,-41.61035,215.74646,183.74426,-31.352379,-934.14923,-1309.7936,-48.576767,-16.36393,-23.199207,31.612509,17.744564,-156.71907,-110.083694,687.51587,-32.091084,60.240677,1015.8754,75.72317,-85.22617,49.48067,102.54212
TCGA-98-8020-01A-11R-2247-07,-119.54966,-71.15887,76.32003,33.977753,-171.69653,17.100615,8.479095,53.387806,94.06304,145.72089,-14.924724,-76.05393,-38.45938,146.91275,-58.42615,10.530697,-6.6442704,-4.0938144,-54.446453,-13.539595,6.652104,10.10633,51.97642,56.953083,47.60086,47.808872,-28.799099,103.78548,-32.89239,114.57445,39.658398,-4.0246897,-44.145035,60.58016,-34.08634,-5.4043655,4.6810837,-46.142834,49.53337,42.681816,20.887505,38.297634,-13.860183,347.32416,30.295465,-48.498745,-3.6667042,-22.273928,-66.58939,19.298985,16.880762,41.85095,-27.02005,-31.76426,54.102654,38.934517,14.6173525,-1.831772,-11.03966,30.564604,28.659994,-2.0836852,-14.224871,-36.57123,13.63606,130.4901,-74.29183,19.544907,55.79928,-117.14495,17.683844,9.143348,661.7358,-33.646976,7.590978,-19.52369,-0.7175766,-38.314507,0.11777525,1.0144299,17.552809,-4.8850856,-454.93143,47.617294,15.242623,-23.22082,51.553295,4.403513,44.84983,34.93105,42.59683,12.4321,-19.214771,-58.563725,5.045016,-91.938965,-19.302486,2.8358507,115.46668,30.92657,-79.9145,45.861958,-124.141846,22.239565,-225.4266,-611.7495,-46.869755,-25.979078,7.516319,27.040308,-10.887343,486.24414,9.501623,139.8624,-35.529003,33.2863,27.333632,-16.142565,-29.413166,2.3817143,7.5982747
TCGA-93-A4JP-01A-11R-A24X-07,-572.7204,-83.67697,-128.98431,-109.034996,401.1872,41.43792,-71.34806,175.83868,127.67191,197.50737,1.0646783,-97.34738,-75.755554,396.25684,-39.27093,-0.8096472,-43.67309,-37.62131,-67.07223,32.73902,-30.958773,-482.39426,55.022964,56.676132,-25.043661,70.11367,-81.67891,109.246605,-40.932785,-761.3693,17.646011,-99.47097,-61.118797,63.215385,-281.4696,55.54209,-29.131685,-87.32312,53.87323,-2.1793106,65.19328,71.50852,-47.496426,919.4239,73.15517,-81.11642,103.62477,28.439629,-127.71151,-42.190502,67.01169,173.13736,-588.48865,15.564125,81.59447,-110.74563,-45.244293,40.783886,-3.4825325,39.20975,57.923634,6.5733776,-62.807884,-12.618999,39.72111,255.5429,-147.38914,-8.239784,35.278732,-379.66977,31.138557,-2.6534882,588.10144,-23.285885,82.28511,72.10601,-15.357889,116.36334,100.24123,-14.217289,16.44954,-6.581275,-938.5127,167.77115,10.399427,59.051662,111.05411,-93.460304,153.46815,68.60257,1.1164292,76.73585,-51.373657,38.141975,-8.994073,-63.91766,-51.279236,7.253928,632.62787,-86.21104,-64.35038,200.5256,-392.4348,-1.8289889,-858.49817,-1017.57947,-82.05236,-34.963478,13.98991,53.896885,46.07446,246.31831,-101.73373,680.9092,-14.398399,75.84929,1313.352,27.121872,-55.67358,36.60957,12.419201
TCGA-86-8358-01A-11R-2326-07,-57.093357,-50.77109,-5.663997,22.290257,130.93115,28.097803,-29.16538,61.757835,56.108253,93.039734,-4.6050124,-51.04358,-14.138642,144.26065,-17.352375,13.163471,-29.038588,-14.028913,-32.233723,23.239574,-18.535824,-62.764275,11.396095,9.224703,-38.95299,28.437778,-20.723083,64.264915,-32.99297,-194.89798,23.29608,-58.24098,-38.375107,27.570593,-365.3225,18.236073,-3.6476452,-48.957447,38.609356,-6.9454226,37.34665,26.906538,-22.463898,340.88373,20.311014,-30.364407,31.945616,13.95877,-106.27119,-29.617632,20.397287,48.645836,-12.92138,-21.408024,32.873272,-69.563805,-11.376478,9.583172,-6.48798,28.066437,20.558945,21.7043,-33.2902,-0.5212744,-5.4300923,142.00319,-50.647648,-17.645962,13.825549,-343.59387,-7.5944448,24.70757,187.69075,-32.62228,27.648369,19.442368,3.4037752,-102.04649,45.161713,24.494202,3.497865,-18.944511,-389.84982,84.55401,-1.4366351,36.946114,42.35853,5.298568,75.93836,35.99931,-6.9106584,27.56473,-20.862476,-46.449627,1.6584344,-28.513632,-21.488764,-0.31671473,317.27228,-19.498795,-19.975685,50.506416,13.510673,-7.123546,-137.75731,-247.4441,-28.385332,-15.997489,11.874935,9.810698,20.23196,-88.702194,-33.964516,343.44025,-13.053571,26.995228,457.70847,12.545084,-58.99568,3.8602421,31.795074
TCGA-97-8179-01A-11R-2287-07,-412.2748,-81.19345,-59.64046,65.30422,142.02576,26.879282,-54.290527,137.73726,100.54553,151.25275,-5.868971,-77.23621,-46.660053,433.52615,-30.649717,2.214031,-71.22217,-32.385983,-50.727562,19.624039,-26.075937,-276.34146,50.665894,34.640285,-9.949811,48.22422,-67.765884,99.86119,-40.43551,-612.2543,21.93529,-116.73702,-59.01834,37.575645,-369.0669,36.070686,-18.404894,-75.211655,54.21296,-5.521708,56.037994,52.684772,-40.96647,705.4339,44.821514,-60.237225,92.635956,22.988058,-146.26862,-45.51962,42.227272,92.22082,-337.72864,-2.7826908,83.621544,-101.33471,-29.443462,22.356806,-6.9775124,43.594784,35.582157,5.6341977,-47.416634,-10.889233,12.71103,203.84534,-106.60866,-15.578736,31.29011,-482.14725,23.092329,-9.930349,399.59766,-25.114952,54.955624,47.644257,1.1962107,154.82127,79.27874,-12.230466,12.125078,-10.635426,-708.504,121.14863,13.527144,40.10093,78.83281,-46.438114,123.76779,55.629745,5.5862937,51.884857,-47.474518,-12.285443,-14.875728,-47.466427,-30.582582,4.996736,512.369,-46.30629,-38.584522,136.74014,-272.37106,-2.963046,-521.9049,-669.90845,-44.76045,-23.36251,11.814794,23.492285,21.317858,24.723602,-70.920685,574.22955,-17.751045,54.89125,814.1657,21.810411,-63.119335,18.40375,33.748325
TCGA-94-A5I4-01A-11R-A26W-07,-65.718575,-74.44783,1.1282341,127.68597,-110.81409,10.231222,-16.605816,54.83186,106.108665,111.328514,-9.243853,-61.283894,-26.011417,258.9599,-41.547737,0.64932406,-19.49791,-6.413404,-52.49705,-2.0573192,-9.221972,-19.838175,51.082237,28.66482,45.968166,29.420797,-43.41531,105.300735,-40.770813,-52.757668,31.67835,-86.35049,-41.5747,37.11347,-205.68172,7.4644017,-1.8623853,-48.787064,59.10315,20.484545,24.776773,42.59556,-19.755955,243.10318,19.342167,-32.665672,42.06611,-5.806275,-70.57766,46.80996,16.065405,56.08587,-48.252647,-22.055868,63.012886,16.729511,-2.3610086,3.405895,-18.48804,42.71446,15.673112,-25.501762,-21.0811,-16.954668,10.098661,103.60989,-33.495888,-2.037307,41.6736,-272.1574,13.206622,16.401657,518.2896,-33.97686,25.46609,5.9453564,7.2691503,181.53636,30.43315,-23.999825,12.3780155,-19.921638,-298.18564,60.51585,12.8482895,26.513317,41.047646,-32.70597,58.68548,46.508396,19.10093,15.875988,-20.880453,-88.325424,-15.647717,-77.83884,-15.287472,13.415658,182.89122,9.915105,-34.135365,32.51656,-1.4287807,8.4939375,-94.82039,-600.81647,-69.91458,-29.137583,6.32997,2.4590383,-4.864979,136.36407,-13.658641,107.78037,-26.324434,42.167744,152.71387,3.2718906,-46.134182,9.836708,5.3571815
TCGA-78-7150-01A-21R-2039-07,-36.193047,-57.94992,47.358685,50.71804,77.73098,33.42061,-18.867477,58.675304,68.04763,91.97794,-11.917433,-55.96189,-17.867414,68.91254,-30.541594,14.361299,-34.906982,-16.211557,-41.186996,12.122547,-13.585787,-81.159065,21.295162,23.671177,3.5111897,29.99725,-36.922047,69.77527,-31.47155,-100.11356,31.99551,-74.061356,-45.88653,34.542786,-320.75214,13.926921,-1.837564,-47.31663,49.727417,3.2298672,35.709682,37.554203,-21.319952,312.07248,20.245943,-28.614124,49.34389,3.16386,-114.61679,-5.613957,20.74734,50.555477,-67.141975,-26.55046,43.86165,-31.989286,-7.3003497,6.4316626,-10.360574,32.540302,24.570219,11.745442,-27.024214,-8.578911,6.1826944,133.91788,-52.655563,-8.338543,22.037516,-343.1704,5.0459385,43.192028,297.07257,-34.509747,26.951397,8.280921,5.710012,-71.45643,38.20391,52.46869,9.920406,-4.990257,-388.33182,70.47999,3.901769,22.636467,48.23706,49.79092,67.0745,39.892292,1.8736279,23.783985,-22.410034,-47.84527,-9.509666,-50.24257,-18.150705,-0.8080797,359.8151,-2.638717,-26.06345,39.338264,-94.672874,10.326012,-163.41399,-276.02798,-38.8832,-14.660897,17.924679,9.746671,9.552464,-23.845375,-29.182272,263.05237,-19.063993,29.026552,358.1721,6.6491523,-59.340218,8.849147,17.788082
TCGA-56-8309-11A-01R-2296-07,-1011.98456,-135.74678,-226.45631,-392.6479,771.5323,71.41701,-117.85691,303.08017,199.41846,288.5421,7.229573,-154.62007,-151.78923,424.08957,-48.770332,14.578859,8.048124,-95.29605,-115.1026,88.646484,-76.19458,-668.31995,134.01035,100.1683,-37.22598,149.57921,-118.339775,172.24081,-97.81074,-1406.9015,19.191084,-65.85248,-93.24591,90.40584,-489.59988,81.10567,-48.376057,-150.23383,102.93919,-2.0812917,114.02479,131.52885,-90.02796,1746.84,137.67876,-158.10193,164.54802,61.01614,-173.9594,-44.13528,131.96805,261.08386,-1159.5718,23.931944,102.08079,-153.57878,-80.59257,81.9436,-11.582403,81.5158,102.91862,-15.376982,-101.92058,-45.372456,96.949326,436.16626,-207.57074,-27.145378,75.452644,-701.7694,40.989613,-3.593564,944.5939,-43.991703,144.80031,116.82488,-34.193512,164.6508,143.09508,54.12541,-2.7665548,-25.86259,-1757.3745,317.9977,20.765732,77.03107,194.53072,-114.96029,262.82513,102.219215,-26.327967,158.36954,-85.37682,9.337036,4.1355696,-133.62889,-17.554148,8.957817,1092.2966,-148.03708,-111.47133,375.7952,-697.16254,-6.804604,-1492.753,-1707.7076,-74.71403,-68.117836,6.090492,112.911446,68.38287,233.3035,-186.17755,1257.7822,-39.19442,172.00453,1999.4652,54.532455,-97.776924,91.29341,52.59877
TCGA-44-3398-11B-01R-1758-07,-1029.2518,-139.44507,-252.51617,-228.87057,746.7569,74.36728,-115.013435,284.76495,193.49182,293.04004,9.823341,-126.85541,-123.185425,590.0693,-59.69322,8.419716,-32.79552,-66.03524,-109.05704,48.600914,-63.114624,-810.68835,116.73547,102.718185,-53.9383,119.58969,-121.62289,176.11874,-77.67899,-1364.0494,29.59696,-150.8449,-101.76208,105.21684,-351.84598,88.75403,-58.63228,-145.74673,92.1408,-11.782084,100.51418,126.59158,-86.62338,1518.0288,129.73204,-139.03172,177.25908,50.89233,-182.11537,-52.693577,114.619,281.2526,-1134.9131,34.59216,121.5235,-192.78598,-85.02614,66.23261,-9.215537,58.41879,100.61917,-29.630024,-84.96794,-24.966545,83.17512,381.54965,-221.71576,-14.625792,61.807693,-522.9974,55.618454,-4.4532676,1068.089,-31.657892,141.07233,127.71306,-22.847446,366.1295,151.7558,-0.0676229,15.928094,1.1938229,-1614.7769,276.1996,24.771349,131.7276,188.76775,-147.52394,252.7193,92.20809,-19.188877,136.46211,-83.34777,81.964294,-20.494902,-120.23712,-56.500942,13.613136,1062.025,-150.05853,-93.58156,351.5765,-684.17975,5.754296,-1582.0717,-1532.2622,-123.684265,-63.947803,16.994923,102.66464,73.9309,295.89163,-182.09033,1156.8075,-21.580147,120.23157,2072.2458,43.642963,-90.551865,74.64186,3.3749
TCGA-55-6986-11A-01R-1949-07,-853.39655,-134.52948,-162.26518,-482.05396,735.0165,62.025936,-103.075615,285.9833,164.48494,229.14096,2.3397,-148.61143,-148.8076,155.3699,-38.24573,19.763914,86.789276,-109.7545,-98.4322,98.87017,-81.74328,-506.7189,159.33249,101.11459,-5.176556,145.95995,-103.30446,158.01495,-103.954346,-1228.5642,4.637326,11.803576,-78.8322,65.413376,-504.29248,67.58508,-54.477734,-130.82933,121.25174,6.449621,95.94312,117.293205,-80.60736,1645.2794,130.67944,-154.63718,127.66545,51.851738,-121.804504,5.1946874,123.11151,251.01346,-1248.9752,18.32578,87.013214,-99.0616,-65.44272,81.876945,-22.880362,82.64031,99.60507,-11.4166975,-85.33014,-56.24092,110.69537,416.20752,-181.46571,-26.699907,80.695984,-720.78375,41.549393,-9.518066,720.8381,-48.49326,140.09193,83.5965,-33.178753,238.05782,118.076454,99.50734,-10.530335,-47.297043,-1539.8563,303.0539,18.101852,64.64017,178.17032,-71.25347,237.14113,87.70289,-15.114,165.85458,-63.57532,-22.812891,17.769892,-145.7694,28.301298,14.81546,1102.5061,-124.38446,-133.82394,359.11905,-652.42804,-7.836544,-1387.6852,-1509.5419,-70.31611,-75.05184,-5.6000147,115.994125,45.714222,73.35007,-172.39948,1132.6111,-48.75816,187.82086,1564.3777,47.704098,-88.18341,105.203186,66.602066
TCGA-22-5479-01A-31R-1949-07,-83.17397,-112.47022,81.456245,131.6998,56.395016,47.953636,-13.418552,89.723175,98.04518,173.28058,-10.591965,-106.058266,-38.015713,102.00071,-66.80958,29.079372,-10.594543,-17.642464,-76.496864,6.1211014,-17.282679,-7.283534,60.6255,54.537525,23.474335,66.8724,-52.919407,132.78859,-74.44196,-1.2457603,60.319828,-47.48703,-75.15587,73.948044,-385.87573,9.855167,5.9769936,-82.1454,82.539825,34.915653,50.83652,54.319263,-33.01215,569.8244,44.621563,-71.707306,52.563927,-11.493221,-115.274124,16.890827,23.5721,65.403885,-19.294193,-60.56007,69.14298,6.2090273,2.8769948,-2.9924316,-19.33927,53.264946,45.04556,-11.855294,-35.54267,-34.010902,6.987765,209.93275,-66.43949,-1.6721065,63.36673,-424.26022,11.911382,43.97229,790.91376,-60.469906,29.838476,-0.3346412,10.735824,-56.149456,35.583534,44.691956,17.582531,-10.314082,-727.702,86.01809,12.7548685,15.758189,79.77776,26.819632,91.897194,48.53452,29.406569,36.48281,-37.88093,-103.70917,2.7269025,-121.142395,-10.5790415,-7.3783236,355.21902,16.57019,-52.371105,85.13379,-58.2946,16.138464,-221.09248,-654.4266,-61.942204,-41.935997,24.705765,30.365273,2.8597765,371.10843,-22.06085,320.5164,-35.461227,54.537163,381.14612,-6.3132086,-84.21077,2.1957626,-8.0971
TCGA-97-A4M7-01A-11R-A24X-07,-304.8034,-45.70068,-15.012805,-66.57267,9.71724,11.053593,-31.427118,85.50447,85.66983,124.775894,-13.907867,-59.886612,-40.955788,226.21518,-28.92476,-1.01484,-50.318756,-51.004604,-30.85999,15.302998,-12.014663,-208.0458,31.93914,25.869457,11.860374,32.359276,-64.23996,71.3978,-24.053934,-398.44336,16.45142,-44.141308,-36.880367,23.359268,-245.53177,25.804201,-3.0312254,-36.45227,27.145903,11.037336,34.578213,47.1941,-14.3009815,411.45578,29.121695,-39.699013,52.892414,12.401014,-99.13407,-16.814714,38.472538,74.26852,-338.78033,-1.9873512,43.45591,-19.007374,-23.991592,25.79268,7.9944997,32.186935,30.917158,21.000954,-27.720314,-19.135849,16.64885,131.79773,-75.91241,-6.380424,19.64892,-375.27182,25.565275,16.92166,183.6412,-8.544946,33.50946,16.383226,-5.722013,31.235785,47.128876,24.850725,10.263831,-16.094282,-410.55283,86.89414,2.157026,22.273426,50.711193,3.2630925,66.0867,56.58861,1.1821909,30.059973,-43.28522,-10.215517,-13.457743,-35.33861,0.846092,8.782929,285.39844,-20.422745,-46.24682,75.16349,-334.49417,7.3529906,-235.47752,-501.58237,-17.440907,-18.194256,8.033439,16.386465,15.113707,97.38451,-42.145145,225.44601,-21.85731,42.6083,587.2577,14.875511,-27.328663,15.358205,13.636065
TCGA-56-8625-01A-11R-2403-07,-33.025593,-53.67221,64.10213,17.240358,11.359453,14.699882,-13.12362,57.28792,70.85874,78.98353,-6.542803,-71.73235,-24.52343,65.539795,-25.134962,7.733816,-13.820214,-14.891579,-32.461334,15.742495,-8.757335,2.319055,16.482733,19.035461,-5.463445,25.775629,-38.607647,63.654453,-31.445051,-46.89429,20.04484,-44.984722,-26.751062,29.686234,-229.50244,12.291972,7.304546,-35.79869,21.929634,8.351293,24.007177,29.927938,-14.174058,261.4082,15.270398,-27.025269,39.493507,2.7025084,-90.37892,-4.8121634,11.107678,47.48964,-74.555885,-19.160994,38.375057,24.3859,-4.245223,7.9772177,-3.8255944,27.751749,15.397668,5.725136,-25.708345,-13.484318,2.8253293,109.90237,-51.668945,-6.018616,25.429958,-287.01407,-1.3407599,15.871103,148.22395,-28.868067,15.804875,2.8717473,-2.5705647,-127.26577,30.658669,40.656685,13.679565,-13.859153,-250.86798,63.64085,2.5876372,8.718184,33.42663,41.223568,46.055927,29.170456,15.756416,15.207914,-14.415086,-40.809555,-4.2247143,-34.095222,-18.68971,-1.0048866,235.20514,1.5778904,-37.85733,39.654266,-145.84299,0.68224704,-90.18773,-384.82703,-25.148335,-18.126612,14.248401,4.2186556,10.088773,61.597847,-16.16481,151.26134,-18.333986,31.960272,312.7055,-2.2123466,-31.384325,9.739646,7.575404
TCGA-77-7142-11A-01R-2045-07,-993.29443,-137.60498,-287.50717,-167.23708,699.61633,74.34945,-115.24299,268.7449,182.00899,280.69974,12.3724165,-111.40126,-107.281166,642.88794,-55.709404,6.3876348,-57.8361,-45.80506,-106.229,41.04377,-57.501923,-826.0303,102.03568,94.61076,-61.5807,108.038864,-110.29235,169.96843,-60.13299,-1320.6427,31.446676,-169.93033,-98.39398,100.864586,-360.61728,87.85291,-58.822605,-140.80731,85.09788,-14.047937,101.49219,106.81553,-85.48664,1450.4447,118.85007,-136.13159,176.94646,47.143795,-178.29672,-73.99514,107.36843,259.03033,-972.3075,33.859768,129.61328,-221.84908,-76.538,58.47805,-10.802866,51.228954,95.41536,-23.525963,-85.33145,-13.387037,68.37683,378.5208,-226.08768,-11.0273695,52.248,-471.17007,54.09767,-15.273532,1048.7781,-30.076649,135.55035,124.05072,-21.83338,365.5485,151.3771,-50.80616,23.625029,8.103292,-1551.5284,262.97177,22.928787,121.133286,177.85019,-198.9426,246.86395,91.544716,-15.74185,120.822464,-79.15991,86.762115,-20.39512,-111.74957,-72.44119,8.619915,993.7114,-146.90327,-87.25527,335.0441,-520.0768,1.3015896,-1520.12,-1431.0322,-126.86485,-55.144905,19.723314,93.70424,67.77746,357.7159,-169.30153,1131.7733,-11.121076,99.845146,2049.9307,44.102203,-92.3633,57.33688,-8.397043
TCGA-95-7944-01A-11R-2187-07,-67.7167,-55.722565,136.4446,80.00559,-320.52432,12.733728,-3.7316492,52.227886,81.70484,138.29036,-18.899694,-87.544464,-25.769716,72.76351,-38.02876,9.331031,-44.155735,-41.990314,-39.335007,10.83576,1.8388562,168.94846,32.705555,19.60291,14.199222,14.29173,-65.71134,89.01748,-31.860596,-85.09018,30.604963,-86.73129,-29.482803,28.314886,-180.27078,6.9800363,16.245691,-40.802593,35.49659,15.370994,24.896116,60.72959,-16.214073,175.03693,10.382532,-41.17603,52.381573,-12.26269,-100.97994,30.611372,6.90344,48.592945,-125.92915,-26.534475,50.20481,39.747643,-9.107733,8.474798,-2.8560562,43.187763,11.922002,-0.10025723,-15.6310625,-29.530975,3.3951824,118.014175,-39.419964,-6.6829534,47.501812,-367.24222,7.7373185,79.15548,200.97697,-23.019836,16.32064,0.23791689,-0.6893785,-115.706566,28.425905,98.69554,16.62491,-5.840768,-227.79744,57.230007,11.070912,44.24174,32.836002,134.85872,38.60385,52.719215,9.982603,12.156561,-21.305487,-87.380585,-26.999348,-34.948467,-14.89966,13.168581,308.52008,25.845621,-54.320858,3.5732346,-404.34952,12.229135,-118.06008,-450.2611,-30.883873,-43.035072,22.360151,-16.081377,15.551937,-32.345364,-12.789523,-17.029068,-35.403584,48.661633,151.8235,-10.346349,-30.41693,28.38132,17.248497
TCGA-21-1070-01A-01R-0692-07,-130.95647,-55.44164,88.96654,-11.087168,-9.967983,10.544852,8.54031,46.07233,107.91122,122.31524,-23.385038,-73.91723,-39.418842,67.34641,-45.82417,18.61989,-21.756754,-37.102627,-39.24026,0.46063846,-10.777562,-122.74558,30.411736,32.845238,62.63728,41.608868,-46.25742,77.8059,3.0119565,-6.4589443,29.730118,-16.909813,-39.32125,42.340866,-178.82607,3.886342,4.2065387,-33.882694,42.469193,36.264515,19.543211,42.202927,-3.9606385,238.4974,33.950974,-41.291782,32.233433,-4.0261445,-66.27186,22.55875,21.905434,54.256283,-208.41441,-24.711475,28.111458,66.504364,-3.560746,11.168312,0.8196885,38.538315,32.059116,-4.2667723,-11.13698,-33.59283,23.126791,120.87433,-40.323456,-2.8550735,34.113,-332.88483,24.220642,28.724213,377.52063,-14.796539,12.462594,-17.60962,3.0746083,-8.674291,16.838615,65.928474,9.433881,-19.879723,-402.57043,68.684814,8.024825,-4.566887,45.579803,68.2894,34.13892,31.899647,10.965344,18.163342,-38.42468,-77.30044,-5.9570637,-66.70022,20.820864,9.522731,54.298214,24.373346,-44.265984,35.5929,-278.8229,21.173525,65.8535,-452.3414,-34.90126,-7.4412875,2.6896853,21.72495,-4.0457363,294.43906,-4.218865,-27.344067,-37.881275,33.405777,163.87436,6.1621146,-31.86948,-2.692651,7.954801
TCGA-50-5068-01A-01R-1628-07,-405.4833,-92.1191,126.84225,66.74389,-88.69986,17.86385,-6.3200593,131.43602,136.22493,265.07333,-39.972595,-144.25296,-93.67953,341.65186,-58.474194,46.465874,-57.893,-73.52316,-78.168236,39.72547,-23.552908,2.1986618,41.827732,29.376513,42.48487,69.22677,-134.3889,162.96251,-39.10325,-448.36932,51.06864,-148.66258,-61.567307,78.56752,-239.81848,6.0032144,19.342167,-103.0791,78.09115,12.463063,47.63497,129.5254,-52.027847,522.1559,57.658997,-81.55402,123.25054,22.554985,-187.41943,-26.415083,52.19166,95.839165,-302.60617,-20.271793,114.34812,-4.6805987,-51.127285,26.337477,-4.930851,88.244255,29.774155,15.74114,-36.843246,-63.339592,41.978687,219.70326,-38.713257,-40.100773,73.09272,-706.59534,4.0903416,129.33078,347.52612,-40.994766,28.794178,25.747763,-2.062859,-193.09108,39.903393,151.77643,-18.96685,-28.539389,-976.0979,106.37207,19.994938,67.0172,91.69066,172.51707,102.427925,32.555656,-18.793608,49.343697,-62.164173,-153.61581,-24.646027,-110.4302,43.976246,22.897783,261.00446,5.8874497,-25.421791,42.61021,-652.49756,24.40015,-203.22186,-794.5514,-36.03359,-34.438385,1.8222253,5.993217,42.524628,-146.57124,-48.907753,200.20898,-83.324554,102.65897,312.48816,17.724865,-60.542164,34.14257,40.565563
TCGA-22-4599-01A-01R-1443-07,-140.2108,-115.93411,19.07674,282.55264,327.5452,84.31369,-38.83433,143.16159,100.39683,202.59442,-12.818826,-127.45834,-31.554125,65.30489,-54.35111,50.379555,-53.682415,-9.487336,-98.678116,36.866554,-49.41736,-137.753,33.601315,36.8164,-65.52369,72.35358,-53.321964,119.98915,-88.13078,-337.3699,70.75441,-104.03658,-94.42245,83.45618,-668.92847,31.101595,-16.861982,-124.10358,94.304596,1.7650801,89.47685,68.03249,-74.24876,815.1482,50.25535,-75.34714,112.17975,21.985031,-178.90254,-36.055454,33.201096,88.168846,63.64685,-69.48993,103.63081,-143.0504,-11.148782,-6.0922704,-30.428852,64.09281,62.334763,15.739164,-63.821728,-13.8734,-7.9586053,306.44864,-118.654396,-27.701742,61.756447,-693.72723,-1.9914198,79.251114,544.95886,-83.19329,56.21538,36.59689,11.398528,-160.47194,95.194786,56.06745,23.676105,-16.801653,-1126.5868,160.57646,8.325797,50.907238,105.948235,17.531202,157.15685,58.835304,5.69606,57.02626,-35.213413,-100.72164,8.599837,-104.91855,-54.86311,-10.340902,725.33813,-20.429354,-33.87824,144.07175,-8.652671,-0.2717389,-511.32254,-500.7248,-54.539047,-40.58254,45.50677,31.267195,45.482582,14.382394,-67.045364,559.44037,-13.096135,63.61035,771.1912,5.6268077,-145.12282,0.8401608,-3.3181047
TCGA-92-8063-01A-11R-2247-07,-107.50684,-77.28031,5.4107337,235.05641,246.59358,36.79291,-35.35406,116.112946,82.19887,152.93803,-10.421137,-98.21524,-35.382397,176.46457,-34.562683,12.981238,-46.616154,-2.37185,-54.83829,25.827967,-18.858479,-50.83258,4.126657,20.387056,-25.61975,42.12909,-43.944447,90.59237,-48.524036,-265.60287,27.409523,-82.347145,-51.62006,55.265327,-402.76212,23.242853,2.816815,-77.447556,48.40928,-1.0181519,52.599632,30.731358,-46.334576,596.22876,31.971949,-59.91633,76.175446,17.611662,-164.09598,-21.4403,22.030458,56.56554,39.93387,-31.685194,81.8092,-69.51155,-18.6148,7.26534,-17.027811,42.48255,26.048883,12.807988,-57.61124,-0.3855502,-4.680788,213.67186,-78.894424,-11.988244,39.16452,-428.6402,-5.3227015,35.82739,311.6439,-46.152412,34.26924,27.427877,3.0276976,-111.86639,68.17826,-5.787048,12.913584,-3.2087083,-627.42523,105.70711,4.0202427,35.63824,61.87288,-14.177994,104.89182,57.00515,21.596312,39.593845,-28.3837,-31.39057,-3.4554086,-41.289803,-31.970913,-9.382862,436.7794,-22.447655,-10.000474,91.02848,-68.56085,-15.57391,-312.5794,-595.3659,-35.40514,-16.513424,30.192347,11.833706,21.157919,38.202972,-40.417274,433.99466,-20.05327,39.721714,675.9222,15.683272,-79.19326,2.9143815,13.116434
TCGA-75-7025-01A-12R-1949-07,-307.87775,-63.664825,44.559963,-10.739146,232.64375,33.35405,-29.676529,128.77933,73.585655,136.8982,-15.361526,-102.34905,-46.349705,101.481735,-45.98908,13.001211,-45.80924,-64.50442,-38.246178,21.720848,-8.66457,-241.25279,30.202723,52.061203,-4.884932,42.145668,-81.5126,94.793205,-28.8225,-341.94562,20.616327,-23.908518,-59.05944,31.360048,-266.98724,32.74856,-8.19496,-48.766148,40.650528,21.877924,44.276817,49.792427,-21.126211,542.209,47.057087,-52.34573,61.6485,-1.7135911,-100.239784,-17.732975,32.203632,110.83594,-478.48465,-15.000965,62.389935,-33.700348,-19.924118,18.22039,0.4916572,30.92856,58.37251,44.65582,-35.05393,-22.768866,23.242842,190.9133,-93.28328,-2.697272,36.89386,-390.16757,32.596172,42.771973,133.57979,-19.91378,37.99988,12.672335,-5.002443,17.443266,53.056217,37.203995,19.481726,-1.9917382,-507.00134,90.38696,4.1551986,38.390842,72.43171,11.158825,81.19546,57.89939,35.005806,52.759872,-43.038574,16.610239,-10.031674,-53.18114,11.056316,5.385656,466.27234,-24.13908,-57.113754,98.82787,-434.82544,13.460206,-488.11932,-511.9245,-41.23384,-35.31193,24.154112,31.651781,8.379697,251.86938,-52.408585,280.20697,-23.301617,59.89949,827.1531,4.296019,-35.049843,19.155973,-23.988703
TCGA-34-2608-01A-02R-0851-07,-164.31924,-74.29345,72.257576,52.407997,-10.968053,22.066027,-16.077705,86.68514,91.995316,137.91148,-14.496763,-88.78859,-41.078148,167.25624,-43.959496,11.51966,-22.797474,-19.59093,-49.27966,10.9086,-11.21251,-56.384113,36.674988,36.0894,15.719072,43.33287,-58.694233,101.5836,-44.293106,-153.95947,31.615889,-53.66119,-46.95084,50.208202,-238.38196,15.566402,5.222851,-58.66392,44.762726,15.116789,36.949642,52.9347,-26.618208,435.09644,32.14703,-49.036797,64.33753,3.381022,-107.561554,-2.7910964,22.07066,61.72866,-156.08754,-23.12417,70.63183,10.490264,-12.99231,9.950428,-6.1524158,42.181496,26.76976,-4.095457,-29.8958,-25.840998,12.112549,154.72011,-67.07081,-3.571349,43.073963,-366.4875,10.4593935,29.625492,396.43567,-33.744736,23.422237,10.400315,1.0730499,-73.37705,39.079624,45.854584,13.207132,-6.488898,-505.08914,72.90572,11.627956,13.44599,59.626842,47.57905,70.936775,37.839176,19.042759,28.340261,-29.418383,-51.332195,-10.012593,-68.38582,-11.957209,0.5099807,319.74597,1.0168897,-39.39101,71.21621,-266.77945,12.005228,-244.59848,-577.0238,-43.29929,-24.609838,16.109598,15.272255,11.362367,157.27266,-27.902208,254.13834,-30.208445,49.355896,395.68692,-0.7837687,-45.77751,13.991989,-7.3057485
TCGA-22-5482-11A-01R-1635-07,-733.84106,-101.57598,-172.66864,-181.41539,495.5772,58.081966,-87.43156,208.53888,138.62872,220.13434,2.788137,-98.46523,-87.0791,421.75427,-43.08955,0.31702787,-44.162598,-51.18974,-80.75487,39.122383,-38.09951,-508.23984,74.19723,70.30248,-42.689503,87.45261,-90.00371,130.85957,-60.873077,-987.00244,24.27123,-113.41581,-74.196335,70.36503,-329.55692,64.42541,-33.527676,-105.474625,68.06515,-5.567829,81.61259,83.45838,-59.521835,1159.4271,86.174774,-100.01009,125.84429,32.422234,-154.66325,-53.398674,88.256195,200.71669,-731.21735,17.0072,109.16342,-157.96635,-57.849724,49.799046,-6.623747,44.621807,69.02286,-2.56604,-68.3979,-16.483843,50.887913,303.56015,-167.21375,-7.8665743,39.876457,-408.2142,38.13678,2.6744075,765.7434,-25.269686,102.99873,85.10296,-16.762875,149.65625,109.52541,-2.0634701,15.277005,7.4331365,-1183.8925,197.14484,14.41396,83.24319,133.82964,-110.58081,191.77933,69.24525,-6.857576,91.89077,-62.99919,50.899174,-13.662375,-78.86722,-58.01413,-4.036051,768.321,-105.487595,-67.33661,259.73047,-437.94315,0.49776006,-1101.5619,-1069.251,-85.51558,-39.37153,14.921724,67.492744,53.03777,280.77405,-124.729034,904.0719,-18.210083,84.94123,1578.0232,35.55565,-71.199905,44.79462,11.538599
TCGA-63-7023-01A-11R-1949-07,1.0178897,-53.973488,46.525158,270.4061,-311.10202,14.255095,1.1982374,22.372135,90.83224,123.379234,-23.46867,-46.29511,-4.158776,220.7383,-47.764606,1.9643984,-23.979076,-32.721844,-45.27114,-16.473501,-1.9925593,83.56692,48.958412,26.367527,23.645555,12.5755205,-37.108883,113.036224,-51.65156,44.15772,44.932144,-87.66566,-40.004147,22.056732,-167.90317,3.262014,6.354787,-41.230812,51.243397,26.502056,18.616852,48.679363,-11.458224,62.926006,5.7632227,-21.729635,28.116701,-19.62904,-68.383934,37.978386,3.8986804,29.536102,102.85516,-41.034836,45.10719,-6.7796044,10.435863,-8.591046,-13.789402,39.10687,17.768291,-18.131908,-6.346092,-22.804361,-9.792992,111.32468,-37.16897,4.3728013,47.552235,-239.06657,24.751623,70.51363,517.43195,-23.881996,7.7974386,-18.954332,11.432675,181.60652,22.05097,-11.111482,19.948084,-6.7321033,-190.08958,59.822853,9.433676,40.553257,22.974567,21.165339,36.80755,61.63956,25.357784,3.426879,-30.511276,-95.44313,-23.007893,-66.890114,-14.696648,20.09463,129.51913,40.412148,-50.886993,0.5616358,-58.62518,7.685646,22.971127,-398.49597,-66.47179,-38.59412,17.472513,-14.49,-6.089813,150.28177,11.028147,-96.22664,-28.883276,18.807194,-48.810417,-8.680999,-44.4707,0.5706804,2.668642
TCGA-05-4389-01A-01R-1206-07,-270.84283,-93.731415,16.877155,140.91545,221.89653,65.13809,-44.77954,132.8919,109.90335,205.84328,-17.773117,-105.55155,-35.1034,209.71881,-39.457348,36.607582,-76.74183,-29.978138,-71.53069,37.908047,-39.054535,-210.4934,17.48533,22.021877,-62.57421,58.642002,-66.899254,113.67477,-58.28903,-526.8784,53.822784,-115.20524,-77.96425,66.47552,-543.4095,36.22822,-7.533178,-100.03064,68.089035,-13.892256,81.47563,83.75202,-58.49465,708.565,48.69005,-66.4394,116.779625,26.083517,-206.36531,-57.32054,42.97466,99.193344,-63.228218,-40.064148,91.53419,-137.71803,-35.10294,11.98365,-6.948652,55.386642,47.261265,27.639027,-58.786606,-8.251979,-1.2274814,258.8079,-99.61471,-29.481659,38.356964,-626.38983,-4.5043077,73.29097,404.31464,-50.192062,52.651783,48.13837,5.1212916,-245.89679,91.15908,80.09225,8.506327,-6.1305833,-989.98413,138.55731,5.5663333,60.112843,98.26808,69.850716,144.47142,55.98707,-20.139442,53.934444,-46.128384,-61.96478,-4.853516,-51.168026,-38.90555,-0.20787802,650.8557,-37.9066,-13.526068,137.73303,-267.69547,2.5657017,-464.24985,-430.99664,-39.55128,-25.12682,33.534706,21.530642,55.51889,-109.18723,-74.07805,576.64453,-19.862415,48.324467,912.241,22.026035,-110.37968,10.120396,26.63599
TCGA-33-4587-01A-11R-2125-07,23.381598,-46.10492,37.736515,116.04394,-169.58253,11.17239,-9.430086,24.27609,64.80537,91.49676,-5.6384397,-41.835766,-9.03115,111.11302,-21.869898,2.4945729,-11.824987,-11.8651705,-25.958035,1.8580369,-2.8712459,63.619293,21.961624,11.603147,-1.7735692,9.412029,-30.531166,59.14032,-11.837225,-27.734844,16.986227,-70.56985,-22.147392,22.092066,-189.17715,3.3445854,3.1479392,-30.91134,23.425638,5.814616,17.594212,11.425558,-12.82644,131.21092,5.0011377,-20.655426,28.501268,-2.2563589,-76.11942,-2.0409646,4.795391,51.302208,76.17802,-16.524498,32.350983,4.486932,1.9118081,3.016108,-7.1860275,28.390438,2.884857,4.7768354,-19.20021,-4.7969737,-3.555899,78.174,-40.893475,2.3112438,25.728111,-216.83545,4.644143,18.082296,255.07639,-23.665787,13.373893,1.4474773,2.8062077,-41.877476,26.238901,12.914779,12.937919,-11.954936,-154.62698,38.995125,1.0496575,29.66193,22.35583,35.40523,34.0561,32.24291,1.0126973,6.7912188,-5.6765757,-73.5041,-7.846557,-30.138985,-22.19351,7.4748144,207.31265,10.953321,-33.65833,-3.7409563,-66.08374,-1.4047382,-33.257126,-317.7727,-43.10513,-18.738197,13.768141,-5.1140122,-5.23558,-16.666386,-3.8235173,66.40155,-16.13715,40.639263,125.263725,0.81530994,-33.991177,6.6199107,6.5485473
TCGA-05-4420-01A-01R-1206-07,-208.07556,-46.822018,23.79609,114.71965,-194.88513,8.72419,-25.041798,69.00809,94.499054,125.23221,-24.563725,-42.052082,-23.347652,358.2478,-32.33857,1.5660568,-54.94101,-33.005806,-31.184511,-2.213916,-4.0852113,-142.16768,25.729446,15.1051855,23.189486,12.861971,-62.904938,102.13209,-22.716738,-314.54492,26.739595,-110.9903,-46.485516,20.775995,-253.30836,16.738993,1.6053529,-47.40943,35.174553,3.937144,25.699713,53.988964,-22.962513,267.4261,18.550592,-37.600475,78.58917,4.2590957,-123.40462,1.5361325,22.05916,59.955948,-135.5066,-9.505062,80.32454,-31.211554,-25.316147,9.657021,-2.862366,39.336567,13.107683,0.9944732,-21.490538,-10.4339285,6.0259013,114.34466,-45.081944,-4.000938,23.603142,-368.87363,19.330038,41.628784,298.40518,-9.558591,21.338703,17.638489,9.972612,100.227806,46.564445,6.569801,9.325009,-4.787384,-280.43854,43.487698,15.212343,53.01609,43.078842,31.984554,66.966965,57.16344,5.560992,17.701778,-38.213074,-53.40052,-33.740448,-51.390163,-14.688843,20.277447,291.6166,0.59950936,-13.227562,31.054163,-282.5924,9.842903,-128.4945,-376.12234,-53.69306,-12.334334,10.026722,-9.958327,9.093511,-11.787974,-25.013714,217.62491,-25.733103,32.636948,376.64206,15.127491,-39.987995,3.6199694,33.819084
TCGA-60-2708-01A-01R-0851-07,-69.22047,-83.18305,68.7621,151.69908,-223.46858,22.172775,4.913687,49.97819,97.352165,134.31694,-10.688972,-76.80693,-34.80968,158.97502,-61.478344,15.52057,-4.720298,-9.1338,-70.23687,-8.553768,-5.4653797,70.69615,53.8822,54.33318,40.411594,45.815334,-41.022167,124.791245,-48.963078,125.20583,48.992886,-50.776615,-47.027035,60.331127,-70.47285,-4.6838403,5.7087307,-59.97412,66.24815,38.954586,28.748882,58.058174,-27.025536,308.70367,25.215958,-39.922234,11.294917,-22.398039,-77.04826,22.745842,12.574406,32.686817,56.999435,-38.82538,63.331757,6.7741947,16.704845,-10.511758,-21.680979,41.45092,25.710276,-4.9062304,-15.313383,-42.226803,9.211525,132.45401,-58.440228,12.684604,68.47928,-203.99188,11.152948,26.870771,636.6229,-48.974525,9.998493,-16.978506,0.22380917,31.19788,0.51219577,-2.808562,18.88019,-7.146795,-486.0576,55.636456,18.560987,-4.783428,49.42107,1.5686746,52.478035,46.183468,34.30905,10.88625,-14.9721575,-95.13316,0.69994444,-116.185036,-29.933224,9.138345,155.57922,38.575756,-80.95083,38.77663,-51.07009,24.510632,-215.86845,-658.37604,-58.650063,-42.785652,9.938209,13.604436,-15.772634,327.3433,8.535279,78.840645,-36.37038,43.600803,-141.15372,-21.544481,-46.47057,13.53132,2.415547
TCGA-50-5939-11A-01R-1628-07,-990.25134,-143.18079,-290.28595,-205.07895,705.14056,75.203636,-122.99782,284.96664,188.99266,292.13992,15.280455,-122.19129,-112.64811,654.7541,-56.78335,8.167828,-46.470093,-41.473644,-109.816414,48.370895,-57.39384,-880.3148,109.8815,99.30278,-62.37683,110.57429,-110.45244,180.21968,-63.960983,-1318.1339,29.108969,-163.12698,-100.914345,101.31795,-407.66354,92.3127,-62.70047,-151.03899,98.36036,-11.271144,104.44336,100.75853,-92.2497,1530.7523,122.69945,-142.84566,167.33002,44.365635,-174.66347,-80.08565,107.485214,282.22665,-969.72845,33.86402,138.98308,-227.28055,-73.08441,55.869884,-16.503958,51.371277,99.78899,-8.076181,-95.18008,-13.709604,66.93729,414.37448,-241.69557,-8.953341,56.38554,-490.4717,52.59079,-20.544054,1021.1223,-37.82032,140.24367,125.60223,-24.062023,326.2395,159.05025,-69.84384,29.441046,16.800316,-1561.4536,269.89603,24.915436,115.50727,186.61534,-227.99928,259.69272,92.24027,-3.6857755,128.47328,-73.01679,82.609566,-13.844643,-115.12568,-102.23044,12.09754,1076.5596,-150.7431,-98.62446,349.64914,-480.3352,-6.609808,-1595.4231,-1512.4309,-143.70737,-65.209785,20.408642,97.51923,64.65616,426.27615,-171.29494,1207.8993,-8.922399,106.33391,2132.1672,41.63499,-94.65742,58.190777,10.02801
TCGA-55-7727-01A-11R-2170-07,-465.8359,-66.31813,-85.83264,-66.42342,92.29853,12.485701,-41.423878,103.13056,112.73267,146.82727,-12.024358,-54.11151,-53.34118,450.1438,-34.138016,-0.81635433,-67.71748,-44.62044,-42.95117,13.367361,-17.71391,-330.03336,41.246857,34.40521,12.069811,45.269127,-64.38249,93.21872,-13.037206,-586.8767,15.93813,-108.42905,-44.884277,37.683617,-165.76749,30.493866,-10.604427,-55.19519,31.523043,-2.3585255,40.44905,46.979176,-27.169785,526.9766,45.097843,-57.96609,73.001686,24.630142,-107.920364,-28.115671,50.999374,102.0114,-399.24692,17.531706,61.586823,-60.71379,-40.673496,35.4455,8.4618,37.8121,33.491375,4.9621477,-34.631382,-13.262229,27.661499,145.86377,-79.9924,-7.67982,22.03879,-331.75143,23.13789,11.604504,425.29868,-2.8369513,43.073658,41.47421,-5.584001,104.89302,58.32986,0.6663617,-0.64775634,-14.513931,-624.565,112.26887,9.861475,47.632706,71.87659,-29.447477,94.25862,48.172253,-18.559216,42.979385,-50.556255,-12.440367,-21.826546,-58.748875,-8.902227,13.165982,286.87445,-44.90701,-39.635654,96.63239,-372.25537,8.196092,-402.7817,-720.30975,-42.084938,-9.140276,-1.1838405,29.091663,16.11876,98.6633,-61.746418,390.36288,-25.243898,29.467327,770.2589,30.986567,-34.776073,19.26698,3.7661374
TCGA-L9-A50W-01A-12R-A39D-07,-184.39915,-37.313187,23.232233,12.27482,-87.771675,2.051767,-19.763895,52.387234,70.935196,117.699066,-16.782932,-42.056267,-33.750797,252.3169,-26.205637,-4.793659,-43.503857,-36.033012,-21.046373,7.3992515,-3.777609,-106.773926,24.695734,13.769026,27.483286,19.39356,-68.25681,62.712715,-16.902304,-252.77745,13.817098,-75.932686,-25.830095,16.769964,-156.07816,14.094755,4.8316383,-27.743692,23.212307,3.1496918,22.19423,51.148346,-7.096507,205.87285,15.450795,-21.799215,43.35665,8.15001,-110.709694,-16.214565,28.499645,55.37922,-187.72908,-0.67740303,42.220467,-0.6883173,-22.437616,21.207338,7.1385727,31.95749,11.203,15.89275,-19.352077,-16.774569,12.027469,67.67474,-34.920776,-6.557566,14.923546,-306.27823,13.886068,35.331264,157.59892,-8.355832,18.492252,10.174123,1.088385,12.319612,28.308,32.474037,-2.53026,-17.795765,-247.27794,39.9816,2.4998446,20.03379,32.092686,48.05453,45.714745,39.31329,-3.4724946,19.473053,-34.10038,-33.576473,-19.113583,-25.234837,1.0907953,15.377832,175.43185,-5.918695,-43.07939,12.185429,-301.97565,9.426389,-68.08676,-391.15115,-12.271511,-9.354913,2.5280757,-1.1353065,6.7080603,-61.39123,-25.9882,132.40303,-31.367401,23.329163,293.41794,16.231052,-19.67901,17.232231,31.714798
TCGA-21-5786-01A-01R-1635-07,45.999004,-99.06171,73.91251,317.18716,-253.12361,19.144865,2.8718512,45.654938,94.68334,156.22275,-14.309222,-75.15664,-28.136526,131.10207,-60.86444,14.311496,5.242323,-26.842747,-65.34445,-13.943962,-15.349132,13.099281,56.32206,45.929443,39.94481,38.43271,-27.748095,118.637054,-56.116314,162.20892,43.071133,-55.83298,-44.744423,61.451675,-174.94534,-1.0593373,0.15567474,-65.5382,75.58036,36.97166,25.807236,59.174717,-29.859285,266.07703,23.640755,-37.88353,36.603115,-18.46194,-77.229256,53.4261,0.97334224,38.610043,155.91608,-49.49599,46.769627,42.725365,21.416716,-16.815723,-26.042759,49.54482,27.353992,-15.883633,-24.132622,-31.998379,0.4812391,146.4146,-60.589306,12.716938,73.02675,-278.26562,21.479473,26.608889,701.3709,-52.024662,10.507444,-14.742502,9.63492,145.9535,26.356606,-18.47246,25.15729,-7.1327004,-386.36377,72.98499,10.829782,10.504885,48.800476,9.77202,52.024586,60.040672,38.16291,20.867008,-15.073905,-100.61409,1.5646361,-107.53153,-28.591148,24.10907,236.87007,44.030704,-91.23401,34.19385,-42.20751,11.710858,-91.22077,-757.4474,-73.64418,-56.33193,23.17255,5.3924384,-16.951387,278.34485,9.591367,-28.291754,-35.888264,47.570717,-169.30229,-21.111847,-58.09414,10.794369,21.126057
TCGA-96-8170-01A-11R-2296-07,-237.31297,-75.57968,-0.2297106,-75.40622,537.9448,38.7105,-11.641957,100.50403,147.45114,141.84126,-17.53014,-89.15276,-57.54192,22.191586,-65.25297,19.021708,-12.665902,-17.514378,-72.1537,14.503286,-23.401161,-497.18414,65.15354,64.86452,87.73235,77.07406,-65.269936,112.418076,-28.896366,-72.90825,40.69327,-4.3819275,-68.413536,59.1365,-349.36307,22.052923,-16.698952,-55.92294,111.76099,52.914497,50.024624,59.959732,-17.286621,595.45996,63.073425,-57.65635,28.627567,-3.275784,-52.691166,15.083612,42.271427,94.980255,-449.2528,-37.564995,45.285393,35.417885,-3.2223392,21.274693,-7.5740495,52.56594,72.76213,-16.96207,-27.157341,-38.592564,46.560905,208.5877,-68.94406,-12.73285,43.65133,-427.4432,35.503284,11.559406,484.34363,-30.74916,49.60342,-14.513731,0.6472923,166.48491,26.841177,-0.36803073,17.04915,-31.436132,-699.47876,119.04515,14.10581,-9.856215,83.06293,-76.7795,91.663414,59.271988,34.35641,51.492764,-60.212936,-80.96874,0.06907484,-117.03375,48.868137,-0.047341026,148.40065,-0.71717227,-50.70185,161.92555,-109.88216,21.648998,-114.47993,-624.2673,-69.60288,-7.351677,4.7,52.898407,3.9873886,631.38086,-22.502985,212.34308,-40.89191,46.16626,595.77203,16.014088,-67.022125,-1.0611578,-2.9730759
TCGA-85-8052-01A-11R-2247-07,-130.62737,-75.28021,7.965182,185.91165,67.70644,30.688118,-28.42547,90.35927,87.771996,134.99742,-9.635941,-73.44555,-25.277597,231.94888,-38.57378,11.461849,-35.200993,-4.4465733,-53.826897,10.484182,-19.674006,-86.157455,28.560251,27.376795,-19.002352,36.054096,-44.366875,99.61548,-57.033253,-232.83223,34.885437,-79.99656,-54.607037,45.53478,-344.2778,21.270973,-3.3212745,-69.51337,55.19999,2.9789007,44.347534,47.11886,-35.911762,465.6067,28.731068,-47.322342,62.38286,9.60127,-121.94614,-3.0176203,19.636694,57.361477,-21.257376,-29.947367,76.03276,-51.82881,-13.724735,2.087065,-13.961224,41.01477,27.768682,-2.5303507,-39.36323,-8.605796,-1.7642266,166.37457,-60.16184,-8.895439,38.153137,-381.54144,6.389066,27.456738,443.80157,-39.33797,30.836945,24.45886,8.175127,18.219551,57.230446,-0.72947,13.434141,1.253889,-534.93915,88.92583,9.248369,38.927753,60.938313,-5.996819,91.7792,48.01699,13.420902,33.672314,-29.95729,-46.29622,-10.575617,-62.14658,-27.155909,1.6379354,394.67505,-12.396443,-15.014477,79.289314,-88.898926,0.09325795,-277.666,-511.56683,-51.25901,-27.211689,23.577244,10.335337,14.6081915,67.06755,-37.57802,345.65494,-18.438488,37.905495,506.54126,6.9704766,-69.22849,5.3907676,3.0140812
TCGA-55-A57B-01A-12R-A39D-07,-132.58458,-38.530304,27.59041,-30.94713,-87.448074,2.6757848,-18.793152,45.517242,64.51235,92.917046,-11.890283,-38.989555,-29.058655,191.36218,-22.639254,-6.624308,-28.296322,-22.824617,-20.141922,8.378958,-2.5837486,-95.160736,24.406689,14.777263,19.016735,17.891441,-47.24796,61.139805,-18.892096,-175.92377,11.891399,-61.98404,-22.479055,11.908159,-149.04208,14.563841,2.1624925,-22.174648,24.936382,4.680756,19.547955,32.65578,-6.7075777,193.02573,13.29102,-18.843246,42.569157,5.393767,-87.12447,-5.6800075,21.098907,52.811295,-180.43268,-1.3080254,42.979958,2.930786,-15.435283,18.402163,4.8716016,27.896818,10.807859,9.829493,-16.875765,-13.397684,11.335588,59.34541,-40.136154,-3.3972404,12.812444,-254.19484,11.773102,17.017754,163.82648,-11.13153,16.861631,8.246086,-0.82878643,-8.411021,28.406477,27.89694,3.6977632,-18.069963,-171.76778,45.548187,1.7872663,18.43289,30.793776,37.067238,41.61657,33.08912,1.4629233,15.613626,-22.565104,-19.18015,-14.370486,-29.029951,-9.325511,11.062194,197.48483,-5.4258413,-44.41689,24.967758,-248.48648,8.331264,-81.80287,-387.47113,-22.44386,-9.643516,3.5693374,0.7007093,1.4949076,-4.3805666,-22.421484,133.87378,-21.321384,25.657093,300.58197,8.153953,-16.95413,18.148314,19.727615
TCGA-50-8457-01A-11R-2326-07,-498.5344,-68.199234,-102.48049,2.5366356,119.24036,31.534134,-54.666977,132.49005,113.03623,167.90448,-7.741793,-70.52021,-50.35105,385.01456,-41.262466,0.91333294,-68.63265,-49.26012,-48.528984,14.851957,-17.544827,-376.24942,50.518497,40.46358,-17.09822,40.080437,-89.37841,114.59032,-35.746864,-671.2549,28.86346,-105.73157,-58.88743,43.10557,-249.30893,41.529686,-14.66487,-64.00941,43.71622,1.3975921,56.342052,68.05191,-34.956184,598.8782,46.504307,-59.84643,96.48967,17.222372,-135.62106,-33.861042,51.170475,134.35974,-437.3734,2.8160033,96.645546,-92.079445,-41.985672,27.609825,5.132538,38.500587,49.52335,9.400985,-43.375977,-14.289071,22.391941,184.94237,-97.80317,-5.0692716,31.294458,-374.2294,34.135242,22.167633,400.24918,-10.985871,58.372498,45.080074,-5.664523,143.21994,78.45111,-20.769241,17.453003,2.2111897,-675.3361,116.4078,11.0558815,73.24506,79.35049,-63.586624,114.4949,69.4456,-1.228439,48.450397,-53.86106,15.641819,-24.270075,-53.569946,-24.14916,10.988892,465.3329,-51.818928,-45.02924,131.56198,-383.0613,6.5461974,-592.79694,-694.4487,-61.145878,-27.71815,17.607681,25.637362,33.227177,177.39818,-70.41968,375.18982,-17.550142,38.48657,1025.7526,23.895565,-48.843376,20.144053,-17.810019
TCGA-18-3412-01A-01R-0980-07,-51.476795,-92.826126,78.852516,62.17028,-28.431955,36.66625,-5.205051,70.86856,134.3406,145.97173,-20.06531,-100.33991,-24.317759,120.29172,-67.42441,14.305582,-23.442266,-16.681189,-70.087166,-2.5635154,-7.426789,-70.26305,67.28927,52.83815,52.22981,50.846382,-53.75852,130.43394,-55.712852,118.05048,62.07675,-41.895824,-72.13186,49.2211,-349.15955,12.900502,4.319369,-50.929665,78.714195,53.45229,41.577797,47.78399,-12.49565,358.98828,36.17871,-58.707592,59.57913,-25.03381,-82.857605,46.86892,19.796188,44.547485,-133.75076,-55.933525,48.370724,37.02036,9.656681,-1.597407,-13.255788,47.157787,45.905556,-26.178913,-16.956366,-30.71895,10.333833,193.71315,-70.83767,0.9047668,50.959812,-383.16263,28.051926,40.206444,722.2188,-43.05208,24.183992,-16.98575,7.2831283,80.66461,30.32323,17.975372,31.478027,-16.834137,-470.11868,81.76079,12.767056,6.921739,65.57012,-7.6083484,65.423134,70.92606,44.03383,15.112423,-44.55455,-86.02531,-10.174529,-127.76975,16.745811,2.605905,229.48518,27.226622,-39.821373,77.30947,-32.61405,26.523443,-70.592766,-615.8704,-90.91921,-34.957977,20.314587,22.41877,-7.0719476,507.26276,-8.206577,92.304146,-28.550034,48.134464,344.44382,-10.287437,-62.288597,-7.0103016,-30.257782
TCGA-05-4396-01A-21R-1858-07,-345.92358,-59.5564,-47.242374,-78.87214,58.904995,5.14613,-36.36007,130.63828,101.566895,69.949776,3.859485,-103.42395,-56.137085,385.73105,-14.162452,-0.88671345,-55.569492,-40.130146,-42.7184,29.935774,-8.462161,-15.333753,52.5185,38.09994,64.74574,35.88084,-70.99848,79.01472,-24.672388,-512.968,-4.6560555,-99.69376,-31.19688,22.408234,-45.498085,14.878753,-6.479261,-51.291115,35.11894,-9.26053,41.236893,50.340633,-43.72456,472.8858,38.84389,-58.394135,59.663544,-4.813279,-88.298615,22.029871,27.638039,67.271065,-405.66022,27.145182,43.536858,-26.7338,-33.965954,25.715715,-15.87367,26.609741,13.854281,28.068024,-40.29367,-11.472262,38.05335,159.30002,-63.735622,-16.077766,37.76056,-226.94757,-11.512013,14.8838825,81.742645,-15.216238,42.558155,43.335964,-10.131022,72.07949,41.87028,0.29576522,-1.16881,13.265308,-433.7251,82.97536,39.072857,9.292878,54.799263,-21.196331,90.32726,32.800205,11.558265,46.489716,-16.281923,-41.4426,-23.214615,-71.65316,2.2394848,9.690294,367.64743,-45.675423,-40.46026,107.94926,-308.79,0.33817187,-613.04816,-706.4065,-48.11757,-23.23341,-14.627158,11.545194,-6.0538635,-177.13808,-59.717358,406.5795,-35.653164,19.20754,491.3266,23.768373,-14.806226,50.08093,56.962467
TCGA-22-4594-01A-01R-1201-07,-144.4433,-61.72425,41.74187,100.30036,-139.74101,30.187016,-28.059397,78.257866,94.27592,135.223,-22.049393,-65.52077,-16.627712,222.88182,-33.823833,17.409159,-60.83543,-27.691645,-49.835026,17.384884,-13.790759,-42.496128,34.436844,12.44748,-23.251091,21.66113,-60.567,110.43335,-53.70317,-290.88162,46.585983,-119.95785,-55.249275,32.903748,-405.36624,20.08914,6.541559,-64.60953,52.698452,2.1009989,43.49209,52.1834,-36.14285,354.33588,18.527777,-43.232376,89.13677,5.787345,-138.42534,-8.752916,22.938505,57.262283,-45.582653,-30.371002,82.400925,-65.09992,-21.237701,5.1297398,-8.017334,43.96294,21.624004,10.92564,-29.410494,-11.949407,-4.8651133,168.38411,-52.232964,-14.58195,30.727022,-483.50153,4.9599895,69.21438,275.63867,-30.669353,28.824192,19.49879,5.483143,-94.740585,58.023674,49.392876,16.717607,0.11480264,-439.44788,73.573685,10.172243,59.924496,55.161156,55.052223,85.30125,59.616856,-1.8471584,17.948763,-35.243195,-75.872696,-25.294514,-65.56087,-31.136675,6.7023277,417.13138,0.37670037,-8.852935,50.25215,-195.20695,6.7321496,-171.15536,-327.5235,-60.180286,-28.25282,22.831114,-7.583144,31.68816,-59.74977,-32.98833,274.61926,-20.018204,44.149,503.4455,6.672488,-67.103004,3.176211,9.165819
TCGA-55-8511-01A-11R-2403-07,-116.362595,-40.82411,67.34992,-41.620907,-36.779224,12.133131,-8.541168,46.893314,72.03229,107.42925,-14.325681,-55.484165,-36.433918,92.12885,-31.309008,6.0654225,-13.22963,-28.717072,-24.700506,10.264748,-3.8515942,-28.409334,20.074684,19.612686,19.271114,24.818987,-53.115345,78.1316,-16.426332,-127.403244,19.236261,-38.74712,-29.295437,28.49042,-183.04375,7.792508,4.550177,-28.886963,26.525463,10.164073,23.576317,43.75995,-5.6544785,209.16136,20.720535,-34.15979,35.388214,3.9588122,-99.1215,-8.14143,20.745869,61.20008,-211.76096,-15.615534,37.458935,18.025967,-14.545899,19.255579,5.802253,37.679157,17.635757,6.4911532,-15.387918,-24.508333,17.587242,98.53832,-46.901215,-8.500155,25.393606,-312.29605,12.343772,35.886456,212.53172,-17.247398,16.423592,1.2282202,1.4626682,-64.20025,22.345362,74.52759,2.9745693,-15.876909,-291.25366,45.086952,3.6541402,23.756054,35.290226,81.89999,44.341457,38.460476,-2.3108823,20.097534,-25.891603,-60.622036,-13.162946,-40.77715,10.625895,8.578095,183.50024,4.458798,-47.28897,25.23648,-295.651,12.092499,-46.917423,-369.19275,-19.888174,-9.370397,7.703625,5.784382,11.263889,1.970369,-15.974819,80.002945,-34.992626,26.232283,264.05713,6.551172,-29.84126,17.83941,29.943806
TCGA-67-3772-01A-01R-0946-07,-378.10382,-66.06585,25.5736,-0.9077633,-96.064156,9.077694,-25.81789,106.350586,105.84709,193.84085,-31.31356,-90.380325,-59.824547,420.7405,-43.071217,10.420574,-54.14808,-63.588394,-46.861008,23.594015,-16.842707,-205.84695,34.892303,27.481096,19.840017,46.946125,-91.31283,117.973785,-37.63424,-460.41586,26.67965,-89.68393,-48.420242,46.95859,-163.81976,20.813759,7.185268,-63.358242,39.68326,-0.003070331,41.859383,83.25033,-33.681427,406.45996,43.816505,-56.009815,93.086205,20.117361,-145.84793,-15.401528,45.91592,97.62104,-296.42426,0.6101896,65.664856,-12.617094,-44.916653,27.626226,8.43958,49.258938,30.612713,26.309505,-35.17549,-27.764465,25.767696,144.33125,-51.847153,-15.249394,37.36014,-446.5215,12.08199,66.80892,306.22433,-16.110214,25.24378,32.04009,0.07501686,-57.229282,51.821133,53.230904,-11.967468,-15.034153,-614.2793,80.93847,10.12442,49.91648,76.783554,67.04906,84.72552,52.53838,-9.969638,43.372482,-51.593853,-57.359127,-19.309662,-72.30404,14.633323,24.740904,287.61795,-21.8619,-29.488228,62.318707,-511.04834,18.976547,-286.05,-710.06213,-39.275906,-18.569315,2.5379152,13.3141775,28.928337,-36.76041,-53.934834,243.83916,-49.57068,51.435566,514.0276,22.091042,-36.12752,24.866255,17.762194
TCGA-05-4244-01A-01R-1107-07,-389.60056,-68.98627,-68.4113,37.950897,44.226284,15.2020645,-45.34018,126.07784,113.954605,165.27057,-14.079879,-78.82332,-54.149353,425.09128,-35.968945,7.833407,-58.38211,-33.436493,-45.62657,15.389101,-22.46746,-303.80923,38.986656,30.576996,14.840596,39.185684,-72.64423,110.52976,-28.729012,-560.9816,18.862936,-81.02194,-59.330315,41.086823,-280.23035,30.72546,-20.284185,-68.940186,43.27811,1.3227876,48.30903,59.741894,-41.43058,523.18604,42.992626,-61.63636,81.98471,24.533838,-116.23948,-18.111286,40.073803,89.8672,-353.7626,4.534316,83.51124,-62.2123,-37.06899,18.642818,-6.531993,45.92415,38.791378,-0.3168704,-41.08743,-13.980219,21.772772,177.16708,-91.28056,-12.156004,32.40406,-448.38077,26.25962,12.605841,324.05643,-26.308817,43.577103,43.91059,2.7546935,181.09937,77.772995,-23.060947,11.551715,-17.289436,-616.63873,110.4873,14.918646,35.810505,73.79682,-51.881607,104.33782,57.193825,3.2754188,45.140392,-38.75769,-14.749299,-17.998964,-66.24868,-28.912565,22.027248,439.72742,-37.423557,-41.395786,99.60588,-292.89557,5.8099995,-475.57553,-716.94196,-41.031345,-20.853695,8.890281,22.209934,11.826714,-4.048575,-63.82387,344.19885,-20.361197,46.411037,695.4918,19.208174,-52.257812,18.800594,6.747844
TCGA-85-A4JB-01A-51R-A262-07,28.897676,-69.77315,68.28807,81.046555,-174.54927,5.2231603,7.6817837,15.248629,94.966896,106.654236,-11.728716,-42.31682,-23.765593,26.319551,-39.294926,10.919304,-0.80281556,-10.5907135,-36.988823,-11.501764,-6.038453,-30.435812,32.33998,26.712744,55.979866,27.059376,-25.852499,69.07251,3.9986515,129.44307,23.307016,-17.16068,-23.71753,47.66891,-134.7474,-7.289157,5.809691,-33.04137,42.09543,32.683456,10.69818,25.269377,-9.017241,192.10046,17.860664,-29.932623,13.392235,-10.4369135,-58.401966,37.259712,5.3050127,45.67436,94.97185,-25.606081,32.62872,73.0164,11.907378,-1.7299709,-8.079887,36.604877,12.100782,-13.492984,-14.799342,-20.246336,10.097439,80.23247,-32.260895,9.84188,35.571014,-195.15862,11.175925,14.582302,484.82996,-23.91949,6.7462535,-16.922468,2.9872751,-51.16509,5.884094,20.320898,12.328648,-15.856581,-252.59346,34.142582,4.884848,-2.6930504,35.871605,43.897614,22.091482,31.207693,8.871706,4.7224417,-12.704119,-79.76517,1.3463981,-58.185856,-9.819745,12.121712,67.90283,33.045757,-56.23706,18.21688,-86.62272,12.26458,113.3764,-476.2268,-37.90582,-16.893087,7.8952813,11.299936,-15.43349,253.96918,15.227404,2.2176595,-27.753096,43.580345,-91.00288,-1.9660988,-31.688244,-1.2741027,31.333597
TCGA-63-A5MV-01A-21R-A26W-07,-2.4660113,-56.011497,61.467247,36.57338,82.530334,36.842403,-6.147556,40.648796,64.74064,75.13784,-10.138491,-50.061867,-14.680187,-88.61847,-39.65718,11.685976,-17.830914,-19.505604,-47.007927,0.87940603,-2.70254,16.64821,30.256828,34.706776,11.832727,30.152735,-40.56737,56.34774,-28.35926,53.411568,39.573864,-48.05586,-39.492027,36.85878,-247.53358,6.0246925,3.2818215,-33.845425,40.79409,22.06589,26.490486,37.586987,-6.3472614,298.45822,13.712995,-27.63423,24.184483,-13.299913,-66.91541,13.755164,21.87865,45.437733,-52.66855,-34.982212,44.221783,-4.6409764,6.0181446,4.667378,-10.620024,29.512615,23.153679,10.047101,-15.061247,-17.623308,11.537699,111.98097,-47.750076,4.3599944,26.034147,-232.02211,13.639288,54.77495,418.54623,-31.169842,25.364311,-9.71616,1.2549695,-68.898895,13.221602,59.63577,16.714392,-11.267161,-366.77902,36.877632,1.9953854,26.637087,39.87557,40.947227,46.75833,36.348072,13.913958,9.863489,-18.574186,-38.4898,-6.5769506,-59.64588,-3.4218328,-13.794213,238.39432,11.193819,-38.970837,20.320236,-33.373398,18.389868,-115.00696,-237.99998,-49.444286,-20.191624,20.027319,12.686996,6.3576694,207.6662,-10.606819,159.21829,-17.712261,32.006905,259.60474,-3.9383366,-46.27328,3.8438222,-12.172535
TCGA-55-6975-01A-11R-1949-07,-23.31016,-54.27532,110.23638,52.099884,-246.80591,14.1443205,-2.5337706,27.02694,67.13854,100.1534,-15.993378,-43.447346,-16.97277,99.46907,-31.990131,2.5663977,-18.695978,-28.23014,-29.073467,-2.7140863,0.90542334,80.39326,25.302856,22.120922,13.38153,19.481983,-32.978333,78.11543,-13.606162,1.1099024,25.72976,-67.15732,-28.538969,28.108522,-176.44904,2.4429836,10.773198,-32.576775,35.590904,12.484678,18.194817,30.952692,-9.317479,184.91078,9.169885,-27.04268,37.527874,-8.098966,-107.63581,3.1366487,9.866271,37.901215,-20.15449,-21.881458,47.85942,16.965834,0.15200943,6.48667,-3.6512957,32.413666,6.0301394,2.4520257,-10.908728,-20.375296,3.2920585,86.31257,-42.182266,4.3659782,28.636381,-262.5911,8.66773,33.020756,335.7607,-21.59884,8.814495,-8.03426,4.924739,-82.11778,14.383391,66.11911,10.377848,-4.983623,-206.36887,33.19802,7.071055,10.541888,29.80831,101.9349,35.92989,33.10788,4.8065104,4.9550233,-16.715767,-63.75327,-13.886211,-43.006676,-17.707766,3.2143,230.66112,24.741035,-53.325985,6.9326043,-224.30681,15.705333,-36.098286,-297.53073,-27.364431,-15.876256,11.000788,-3.6645613,-1.3140191,26.218498,-1.8250072,127.85671,-29.230715,34.602062,33.39018,-3.7260497,-32.788048,11.426317,29.138847
TCGA-56-8622-01A-11R-2403-07,-52.928474,-93.308846,29.284002,25.254,18.597155,10.131899,4.312086,60.914745,94.380585,145.19214,-6.6506224,-81.84891,-55.994427,173.9047,-52.401035,23.06695,15.495178,-3.1012151,-59.391678,7.3209443,-15.7199335,-181.76038,38.658108,49.34351,62.47954,58.244682,-39.08409,104.98744,-17.793594,142.86334,29.736042,-11.036696,-36.827904,73.78439,-36.609688,-2.5644145,-0.7638154,-57.791252,59.347767,31.39909,25.724682,51.223114,-27.44342,299.2394,40.099827,-39.873142,6.9513164,-6.995001,-67.58454,14.299791,16.934898,43.203075,26.51585,-19.794096,56.711613,54.44,6.8660626,-3.0471923,-15.05709,40.783543,32.259216,-2.3571615,-32.53126,-32.044945,27.59373,113.52297,-50.557083,1.2120992,54.1582,-163.80368,-2.1417837,2.226687,488.848,-49.22118,9.168554,-6.1493945,-1.5149837,-65.34275,7.646846,-28.749998,0.6821047,-8.02615,-476.0584,51.27478,11.340205,-22.96734,62.275055,-34.46143,52.364834,33.982635,27.413147,31.425112,-11.225234,-87.92491,16.408321,-99.94495,2.9710057,18.421314,76.053795,13.04723,-67.018555,59.514465,-15.511114,18.96649,-141.5008,-762.23865,-49.149418,-26.302877,-0.2310908,29.528046,-10.683772,317.1374,-2.452696,112.45148,-45.668747,45.758846,-33.427315,-4.814387,-34.383408,13.079951,29.377623
TCGA-55-6972-01A-11R-1949-07,-746.3956,-107.80001,-202.26419,-537.8466,-397.8263,-24.262766,-72.422,190.25327,254.80814,212.62659,-15.521719,-165.21834,-117.242714,805.5137,-11.619773,0.4340584,-78.81682,-43.524097,-91.89203,106.6221,-1.4325993,298.11908,93.76807,-1.9124023,121.720505,73.67923,-167.59521,159.18533,-47.71396,-1059.1449,25.445236,-216.39935,-21.271246,45.318306,-418.38272,8.540419,37.603043,-106.118484,92.72552,-7.338433,79.22251,64.60592,-71.94207,928.11884,28.588593,-124.08802,133.19725,47.144615,-230.34308,-40.589325,110.38167,21.636795,-295.49588,36.06277,60.428123,-76.32715,-79.7919,89.26038,-7.4828243,105.2151,-26.270676,-25.856804,-82.11613,-43.077866,44.358303,278.3826,-59.24938,-63.245358,60.16512,-795.9629,-54.31359,38.289913,224.40388,-36.733654,66.94306,54.712288,-41.634666,-333.56332,28.132782,4.147598,-37.573605,59.40009,-1152.5911,154.09573,53.64608,34.871292,72.58131,-128.8496,159.91267,91.955246,-52.550713,13.5219965,-59.341206,-233.928,-40.23562,-63.019604,78.37317,-8.330373,24.004578,-49.319035,12.750689,145.95636,-4.4198847,-34.220207,-270.3451,-1320.3251,-13.773211,11.804208,-45.39233,-7.348822,26.071596,-240.46631,-64.200424,676.912,-86.62949,72.41461,584.8363,98.022606,-70.051796,34.817036,116.67778
TCGA-73-4676-11A-01R-1755-07,-1482.5123,-210.41124,-358.2836,-208.42853,1208.839,130.61719,-181.0297,442.8272,289.2898,474.4498,13.631944,-204.6494,-176.1156,897.2532,-84.220535,26.470453,-70.942055,-77.65135,-173.76239,86.76868,-101.03929,-1320.7534,140.55493,136.13568,-129.78683,186.22871,-160.73666,273.63782,-107.702255,-2030.9717,54.45514,-248.68979,-167.14108,169.48402,-715.6325,142.36789,-83.715004,-244.65494,148.33801,-19.523863,173.80765,172.62372,-144.25662,2443.3303,199.73007,-215.85558,297.0341,84.4178,-286.63824,-130.5033,162.9707,410.93893,-1411.9175,32.830276,213.96101,-345.8176,-122.67949,80.221794,-17.872742,93.46044,154.10658,-23.453026,-154.16881,-26.599777,97.94469,634.9969,-339.05273,-26.534222,86.89559,-900.0804,69.27289,-21.690443,1598.0055,-65.086845,208.25693,210.23541,-29.136799,304.02585,258.44138,-22.945707,34.718834,25.81457,-2602.9043,415.94272,32.4511,187.5961,300.53152,-235.04141,405.7247,151.64691,-24.97173,204.06068,-121.99356,119.17797,-10.329265,-172.50496,-133.77838,8.814414,1710.5048,-231.96805,-100.65482,542.3559,-914.14764,-3.4294891,-2347.1936,-2291.233,-196.43477,-96.15929,42.75511,149.61856,126.060684,539.07166,-273.39203,1919.6448,-16.242167,187.34203,3355.3564,60.661037,-163.65009,83.623314,9.70761
TCGA-66-2790-01A-01R-0980-07,-37.323437,-44.20652,62.336025,79.21756,-108.55387,10.763084,-6.680469,40.96862,67.56527,82.167915,-14.265119,-50.325043,-16.046793,71.63033,-28.598204,3.4287477,-22.006233,-13.268247,-27.640388,0.036358904,-1.9441745,31.109156,19.100697,19.186596,8.640154,15.261651,-34.954617,58.3296,-21.747215,-45.805756,20.478445,-43.952293,-26.17916,27.0634,-191.62183,7.1342673,3.7608998,-30.147049,28.119942,13.579164,15.754321,30.944357,-10.3463335,215.5808,10.826459,-30.216702,35.618587,-2.8499997,-76.65149,9.684606,9.238979,48.072124,-46.53621,-19.59003,37.55847,11.674635,-0.27741587,6.5832257,-5.402394,27.762136,10.270427,6.601585,-15.996827,-12.44103,1.6391758,98.250656,-48.34386,3.9766784,27.999718,-249.55898,12.655908,27.663519,255.17206,-17.826883,13.943344,-3.3365648,0.9578176,-32.17768,26.149506,33.598415,16.000141,-17.59021,-206.3519,43.342213,2.4976625,17.294111,27.217394,48.663887,35.262764,38.06613,15.612003,7.959634,-15.352698,-40.218388,-11.210553,-33.72438,-19.464716,4.6722383,216.03015,13.911998,-40.12113,11.995695,-166.38441,4.6886897,-66.34388,-338.90216,-35.953297,-17.437979,14.253408,1.2120606,4.681841,82.37597,-6.540949,92.67121,-16.843151,32.33633,194.55959,-1.983687,-31.007605,5.6151986,-1.7351109
TCGA-22-5485-01A-01R-1635-07,-189.24197,-105.93823,-15.426661,231.69888,295.25125,46.24242,-44.896923,130.25256,107.09948,160.19685,-7.142927,-92.71226,-33.661617,288.0458,-49.510784,14.186853,-51.099014,-12.524878,-70.43958,16.067223,-31.432623,-225.63162,35.656643,43.053726,-23.648285,56.675453,-37.612736,113.561104,-74.605705,-312.04208,40.862015,-93.192764,-77.64566,52.501488,-468.02203,32.339,-17.877972,-86.650375,70.87409,5.3922486,58.816063,57.2345,-42.299816,694.5479,45.26693,-53.53324,77.454414,14.856327,-143.61597,4.6595197,29.344933,72.36132,-148.32065,-38.04933,78.98147,-90.585464,-12.835612,3.2302055,-21.425367,47.358906,46.865124,1.6254325,-51.14423,-6.7882915,1.579731,228.5896,-85.99079,-12.550452,48.659657,-481.2218,17.335264,10.232998,598.30334,-52.38195,49.532616,36.44346,11.885042,162.48582,78.92684,-20.000736,17.129448,-9.265055,-727.4733,135.35307,7.187698,40.952816,85.230354,-54.30603,125.70272,69.79734,26.55316,54.976395,-40.09376,-26.080685,-5.918764,-69.14067,-47.33939,3.21446,559.21094,-30.579704,-22.722116,129.01822,-55.469994,0.14698693,-456.71115,-703.7894,-64.62904,-35.30613,28.70775,28.406448,13.875455,149.07,-61.403156,537.93036,-12.375872,57.703495,760.50006,7.855662,-93.71937,10.824998,4.465367
TCGA-38-4625-11A-01R-1758-07,-1677.0665,-227.79532,-479.01154,-286.048,1296.6522,132.38914,-210.47797,496.63702,313.32098,488.02405,27.0838,-222.34697,-200.2195,1022.1417,-86.805534,18.781704,-59.128223,-82.64598,-187.50162,98.03682,-108.77722,-1368.161,170.43977,158.224,-118.58309,203.1896,-181.05223,305.31616,-127.24271,-2294.1533,45.54443,-242.47105,-170.84041,172.38477,-736.0558,155.99948,-91.79636,-259.8377,144.76706,-16.012573,184.31126,184.73006,-157.39821,2757.2922,219.36713,-258.9177,317.2734,86.8772,-296.48865,-134.21735,184.0655,445.45178,-1619.9323,46.81781,213.47949,-363.2809,-130.71619,98.7766,-24.580957,97.15252,166.54431,-46.522625,-172.55145,-29.901182,115.05336,713.62616,-377.6346,-19.126429,107.45508,-897.6576,80.616234,-52.000347,1763.0787,-61.85452,237.8793,223.62717,-45.01616,491.45605,272.65417,-92.929,40.242336,16.418104,-2761.0876,478.6816,38.659924,193.98598,313.5004,-358.30023,442.79224,192.7057,-10.961918,227.57974,-135.62988,117.37437,-16.617508,-192.50333,-122.35549,14.948179,1829.4636,-260.576,-136.71461,602.3765,-876.4672,-19.546103,-2668.2542,-2695.9873,-210.69481,-114.07178,39.378933,167.38403,117.72476,692.85846,-296.3211,2122.1086,-16.869343,220.74245,3683.5996,74.58584,-166.51488,100.37596,5.365385
TCGA-34-5929-01A-11R-1820-07,-38.34647,-50.250027,60.71442,183.1721,-223.49432,4.7452455,-15.472461,44.76684,72.94992,107.525444,-11.275806,-52.46887,-16.102194,139.25912,-24.3545,-1.3951539,-34.68036,-18.792883,-26.448116,-2.2319987,-0.4545635,96.22292,23.607315,8.021419,0.37813658,6.982642,-45.546944,71.58581,-20.052105,-139.8518,15.79401,-85.18699,-19.767506,31.381996,-233.28957,8.319645,11.987801,-38.32778,26.471714,6.768649,14.658064,36.56574,-13.142288,258.13907,7.6810703,-33.016792,61.97862,-0.8345564,-101.10794,21.175074,5.3312073,64.89064,50.713406,-19.179125,54.27869,22.120602,-5.9275794,9.3336,-4.4184465,36.092094,-3.9924874,-1.7956623,-26.93358,-7.8696165,-6.221728,98.13391,-44.381367,5.2460337,32.415844,-296.02707,9.26308,21.334467,316.64453,-12.7942,19.983686,6.2374954,1.2784061,-54.555164,39.077213,30.371061,18.077105,-10.821869,-183.2792,50.838142,2.5715065,40.74294,22.881487,70.648155,41.097656,48.943695,9.191201,8.8990345,-18.626871,-59.91348,-19.017881,-16.610525,-23.092499,8.23812,252.465,14.690036,-40.238026,4.853088,-240.5496,-8.427654,-6.3457766,-462.62405,-45.51385,-27.8153,20.11139,-14.126992,10.898797,14.682101,-6.2277102,119.06854,-21.505913,47.874977,258.29794,3.4374187,-32.962097,7.954906,13.2005625
TCGA-78-7163-01A-12R-2066-07,-180.09076,-72.01898,101.54872,-45.19634,551.8589,68.25684,-20.352571,140.2806,56.19741,147.01193,-19.880709,-124.072044,-42.98126,-142.71448,-62.478546,24.966297,-35.170765,-84.484344,-38.803364,27.773502,1.2217687,-260.5475,15.078844,77.656044,-17.552113,50.548412,-74.37016,112.648544,-28.104889,-121.25296,26.381386,28.116604,-82.995155,32.769493,-370.35413,33.58422,-15.799444,-44.239925,43.39073,37.688602,57.749626,41.005695,-8.602197,600.1177,58.329414,-61.633625,38.073437,-25.734846,-96.325035,-13.398626,30.389927,123.766464,-533.5816,-42.516655,42.060295,-73.60575,-1.0812109,13.382458,-4.220462,27.36122,88.11761,82.06763,-39.376938,-20.279081,29.474218,279.00372,-124.02966,0.95012677,42.385708,-359.4863,43.025776,74.81584,148.25667,-36.079273,41.145626,-7.459129,0.40326646,-53.96296,45.723465,62.158905,27.403507,4.8927245,-553.1502,84.04153,-3.1354148,30.437962,85.05951,15.258791,92.97928,70.88476,63.863304,71.48232,-39.67256,15.753926,0.06203394,-58.121513,32.332256,-6.204904,581.63605,-23.611467,-83.81454,98.60047,-333.2927,22.932964,-576.0808,-337.6982,-65.36453,-31.866142,40.162296,48.61199,-2.729577,444.8559,-46.687664,332.77655,-32.04739,58.561462,1021.8637,0.07558871,-52.278366,12.14152,-20.074556
TCGA-6A-AB49-01A-12R-A405-07,15.800396,-68.0397,140.13855,203.95586,-289.3892,11.920427,6.126967,19.948292,72.87211,146.81885,-21.777855,-49.561016,-23.744621,54.00708,-49.859184,3.4304693,-23.073479,-43.386894,-32.49539,-16.07314,3.633716,138.54123,28.136618,26.3617,33.93313,18.499077,-45.81375,87.8174,-14.320376,81.1173,30.304651,-64.40801,-30.441118,41.441696,-197.11066,-3.8527973,16.090393,-41.129982,48.059074,26.500792,13.240573,49.959885,-6.189029,195.48758,9.953252,-36.614758,26.546993,-14.997953,-104.772484,19.028894,2.6120095,40.34924,40.23598,-39.190796,46.449963,42.531895,6.006924,3.0157595,-4.2286716,47.978428,8.246055,-9.233533,-9.667313,-31.979542,-1.0227338,102.945786,-42.258575,6.6927605,47.44709,-326.17645,21.658539,63.021206,459.42285,-22.896751,4.9127603,-19.249886,9.783486,-18.016642,11.384394,70.49573,14.73059,-21.228472,-231.19792,30.010344,3.8434737,34.753754,25.56182,122.2951,31.530636,51.171864,12.69435,8.8847065,-25.978077,-100.05795,-18.912827,-52.13669,1.5587077,9.814728,178.4242,46.77486,-80.08042,-22.238192,-279.6114,12.871638,95.447525,-435.82944,-32.959286,-33.73216,22.339828,-11.352934,-2.4610884,129.40005,16.309696,-8.795052,-44.08649,56.977325,-77.75552,-9.39861,-39.784687,10.662916,41.363632
TCGA-39-5021-01A-01R-1443-07,-109.4995,-74.28048,32.713177,160.87448,99.070465,34.805916,-26.234447,94.25717,86.16598,137.07108,-12.157727,-86.49008,-25.896559,177.71869,-36.99494,22.967958,-38.366276,-14.899313,-53.779037,19.491076,-22.776873,-85.59365,22.925133,24.246458,-24.076538,38.63921,-43.014694,100.79764,-50.703476,-221.18193,36.189148,-71.181656,-57.6963,51.67622,-411.25278,18.760883,-3.9921427,-73.112,51.476593,2.2747614,46.85574,42.252644,-40.09308,458.85025,31.381313,-51.93271,70.182915,13.206171,-128.48064,-16.75495,19.046,58.587936,-38.541992,-34.28875,60.591476,-48.760166,-12.353293,3.338861,-14.0362,43.120277,32.589367,10.833435,-39.33257,-9.481888,-2.1898174,195.8597,-75.539314,-16.582197,40.437817,-472.3199,2.5739086,38.13761,317.28207,-44.893364,29.855122,21.646156,7.0735946,-48.780098,59.99561,27.21738,14.13349,-9.849,-578.16437,97.03072,7.742926,38.659245,63.276398,18.755905,90.41204,50.20367,9.110513,35.303318,-28.63769,-69.27679,-6.2703333,-62.654636,-26.90543,2.718053,418.11487,-8.301511,-17.546122,72.02161,-104.38959,-0.4309596,-242.34657,-444.67056,-45.771606,-25.459831,25.043701,13.40488,22.563852,-2.5750427,-38.063828,320.49225,-19.996223,50.44245,491.33298,6.033342,-77.16327,3.6273177,7.154862
TCGA-44-6145-01A-11R-1755-07,-150.86687,-58.691704,66.10326,11.80372,129.7893,35.69581,-19.046902,82.033424,86.234406,130.8008,-16.470554,-87.883194,-34.856953,44.897354,-37.382713,17.757154,-50.838177,-37.548046,-47.467487,21.208796,-14.466105,-107.10182,21.507109,28.008205,1.5895823,42.773174,-56.54117,65.66029,-28.894463,-198.9114,33.974747,-54.366547,-47.694897,39.342808,-322.8149,19.77045,2.9340029,-51.4708,45.72721,12.1854725,43.51587,52.364235,-20.152267,429.28464,31.546965,-43.624153,57.226124,6.317936,-116.15514,-9.650249,31.450254,69.51524,-191.14247,-29.022676,47.80368,-13.886508,-13.57837,14.211434,-1.431241,38.134243,35.916492,21.72866,-33.38665,-20.773642,9.944609,177.5209,-71.26173,-11.015892,30.465406,-417.84964,12.364058,50.624527,277.63837,-28.460075,31.207766,8.920665,-1.7314365,-154.6106,45.862488,82.2331,12.516428,-3.7577152,-544.8385,97.662506,0.7019293,14.100613,59.469475,71.60439,73.44454,45.563072,4.6436296,33.068085,-36.553173,-45.90194,-6.39782,-52.53872,-10.741741,-3.7734823,351.98013,-6.2963877,-32.951023,72.31565,-281.9133,9.173595,-203.87604,-431.26794,-25.570553,-21.299501,21.29331,17.941193,22.337135,110.35854,-37.643158,226.87245,-24.216295,38.74825,563.2321,7.044128,-54.358345,10.920179,4.0468283
TCGA-49-AAR2-01A-11R-A39D-07,-668.2016,-73.74926,-353.6573,-795.0542,-475.07968,-43.58978,-36.973843,115.52355,185.36122,156.93968,12.79689,-91.90008,-129.27042,483.71097,34.113655,-1.6038076,-14.218337,-48.011593,-64.02611,102.904945,1.3301144,655.0981,51.865646,-23.875706,105.81301,38.49255,-138.77919,74.439674,36.72282,-1090.9292,-11.422181,-129.64629,33.5304,51.724052,-57.976173,-32.16594,13.59177,-64.9934,40.766743,-17.571947,49.665894,43.38803,-55.351734,551.94244,8.701193,-95.99327,29.643608,51.90067,-158.23497,-9.70414,106.23853,36.345005,-218.95596,78.86077,9.796494,-135.63284,-68.75382,88.6133,-23.497774,88.81832,-58.457058,21.083717,-58.735237,-39.590237,86.80304,162.94604,-24.94853,-73.51562,29.321974,-393.07892,-60.646725,73.94848,39.123825,-32.92877,71.120766,61.255043,-49.424747,-292.1349,-22.72021,40.185436,-63.39454,25.205814,-1042.4016,92.2767,42.66627,12.7162895,37.546394,-151.6888,110.211876,30.409056,-121.0263,-23.829988,-1.4058515,-175.82584,-11.216148,-25.810427,89.19958,-8.535553,-265.6403,-74.50231,-5.9675,59.69121,301.90762,-27.47784,-271.1682,-941.0232,65.7652,37.33425,-80.98226,-8.002409,31.13329,-782.55164,-46.302425,347.0612,-82.68874,34.5459,-156.88803,101.45956,-23.025753,54.808926,256.6174
TCGA-21-1082-01A-01R-0692-07,4.9549737,-68.98104,65.00922,53.65794,-54.710304,21.62729,-4.885771,34.049442,80.96071,92.254074,-11.340753,-57.952152,-14.884402,16.075232,-37.776283,8.581561,-19.505,-5.8413854,-43.197937,1.9087154,-6.3060045,32.729946,36.865753,23.739073,34.26565,28.762936,-44.712124,82.805885,-30.660282,43.51411,35.767555,-37.21553,-36.436398,33.564518,-269.82446,4.8761916,11.097651,-34.642815,34.477894,27.14662,26.832258,21.870226,-8.071419,224.68546,16.930235,-32.800217,32.889145,-11.401881,-75.46393,26.866852,11.683416,46.09467,-6.392039,-35.923706,49.29639,41.854816,3.1771955,3.7536473,-7.778211,35.88867,20.407375,-16.520138,-14.207501,-18.437695,6.0209165,98.793045,-29.176485,-4.0091696,27.06429,-294.6625,7.8157725,39.788757,391.76004,-28.404974,18.508554,-11.855702,5.38162,-63.861046,18.70186,43.813652,15.028085,-21.739609,-278.1556,40.109062,3.5958698,14.419744,36.984653,43.179504,41.413994,36.04337,11.977858,6.3079557,-26.123238,-84.26728,-8.964479,-70.0443,6.040381,-6.1406603,143.7712,20.605667,-32.579853,36.363804,-67.611465,12.926626,69.06066,-337.34412,-45.60267,-16.919533,14.307735,5.026936,2.3511379,203.27213,-2.0130436,60.13162,-23.652344,32.778675,207.98524,-0.12304239,-43.634464,-1.7079405,-2.6510906
TCGA-77-8150-01A-11R-2247-07,-42.105194,-55.37103,64.28501,125.80469,-99.494255,24.368723,-11.318382,50.262726,75.39508,110.368195,-14.518863,-56.357903,-13.098017,138.90767,-37.941025,7.624087,-13.63805,-9.490711,-41.21778,0.82369715,-1.4762751,36.748528,43.882984,23.400051,6.6877685,21.223375,-43.971107,98.03334,-56.907616,-57.007656,39.07336,-70.54598,-41.978836,30.428432,-211.79913,10.671647,6.490105,-43.943363,50.162956,10.680356,26.791386,49.53434,-17.06443,221.3946,15.621106,-30.361908,35.44119,-9.630813,-92.99193,25.064875,12.737943,52.626602,-12.86198,-32.390274,63.546207,-9.979371,-7.0009995,1.0412935,-8.25138,32.741547,18.229464,-8.588726,-17.501602,-15.853564,-0.11126763,105.79663,-31.334507,-2.591937,34.276814,-242.7593,5.429672,49.323933,426.82263,-26.060692,18.967121,3.6130285,7.777443,-9.46004,29.247868,33.701702,12.012526,3.4068432,-294.97147,44.9511,12.030632,37.959404,38.57409,52.141247,57.959774,38.491333,16.190184,16.466774,-24.117647,-60.992443,-17.987616,-55.60987,-19.52601,5.4156175,270.05438,10.10064,-26.24026,38.18746,-134.36668,7.6161323,-140.47142,-315.7042,-60.4335,-27.766249,17.330997,-2.4867861,17.509373,78.44624,-13.518671,154.05467,-22.312967,23.302649,263.3873,-1.4801006,-45.77558,7.4376087,2.8401237
TCGA-77-8007-01A-11R-2187-07,2.2190726,-63.66628,101.92936,179.38374,-92.39747,22.202494,-11.825225,55.756004,64.30042,126.13463,-15.74319,-66.88338,-19.329205,67.58939,-38.571514,5.1061482,-23.499287,-24.128595,-35.852276,3.0129783,-7.839201,50.233517,17.334518,20.791904,-17.588703,20.738039,-33.61483,77.6101,-39.70453,-33.090054,27.974783,-67.439026,-37.602554,34.297306,-289.8959,14.797085,7.349708,-46.97268,34.778934,11.111418,28.214577,38.393963,-18.654211,277.20642,13.151793,-35.36975,47.973785,-1.2508045,-114.46578,7.046199,4.4996395,42.547977,-15.841886,-36.31035,50.27214,9.076453,-1.7530427,1.3436699,-6.6347995,37.124386,18.684061,3.8155806,-25.849947,-14.704541,-8.221845,129.6759,-66.04729,0.87562084,36.638504,-350.99298,11.897796,48.194523,303.70343,-32.94761,11.979844,2.7355468,7.7305384,-60.414574,42.720463,51.703716,20.894194,-9.216032,-262.86194,62.944836,0.20577745,26.846272,37.05993,78.41861,55.158077,48.24429,20.690727,19.402878,-20.192049,-49.67797,-12.794467,-48.253326,-30.43667,4.1493864,356.69296,15.350468,-49.238674,14.200091,-222.91463,2.6665246,-109.96583,-421.91766,-27.664219,-32.69385,31.175142,-4.2020674,9.43587,55.30993,-12.394787,128.04138,-22.543955,29.878387,301.13818,-8.803449,-48.47178,9.226902,18.457207
TCGA-55-6985-01A-11R-1949-07,-237.2671,-59.92357,27.390596,-91.431046,-14.581259,12.095253,-28.73274,85.03717,83.69641,108.1873,-10.849773,-65.76106,-43.67473,155.58382,-29.765913,2.007351,-13.373383,-52.36811,-27.448456,18.904823,-10.193825,-88.44773,41.422188,30.566153,21.106123,36.94224,-53.950905,81.209946,-28.656212,-317.37268,11.024896,-27.901321,-34.34584,26.853348,-249.4878,18.697683,2.8097734,-41.44745,26.582697,10.526126,29.490925,36.82305,-16.469753,454.61987,31.783712,-50.934845,50.272003,8.054826,-99.49035,0.2013864,31.956266,86.26235,-310.30466,-5.042141,38.084053,8.52633,-21.628195,26.141764,2.76051,34.28474,24.531214,8.5731945,-29.362823,-21.95511,19.4069,137.7521,-61.906494,-1.2497665,29.491198,-364.56696,14.725165,16.948362,242.97546,-13.634004,30.098656,11.040513,-5.2269764,-31.21887,37.110836,53.324738,4.7246065,-12.065079,-392.01962,80.727356,7.358498,16.881058,49.998745,39.702847,64.952896,47.355045,4.148548,35.520897,-31.436268,-36.11712,-10.180939,-46.33805,6.328075,6.101887,321.01752,-12.425396,-54.83365,62.46779,-331.97894,3.0289385,-228.81674,-549.3632,-23.340908,-20.77464,5.2941008,20.51572,2.1967554,76.25589,-36.498947,283.73807,-28.94,43.804054,491.0436,15.095076,-29.626486,21.21949,25.96391
TCGA-33-4547-01A-01R-1201-07,-81.4789,-65.41804,64.90116,139.28833,-111.90898,20.310598,-11.533269,62.551018,87.401924,117.16911,-14.066259,-69.68114,-22.269947,128.51195,-37.51155,16.131374,-25.041529,-15.013163,-43.35549,7.159471,-13.184559,-57.323315,34.251045,22.588379,8.069785,27.132378,-48.64141,87.36273,-29.918795,-111.38538,33.479416,-72.65699,-41.186455,42.292374,-266.90042,11.580851,6.4226923,-53.912704,52.74854,12.151368,32.502045,41.670452,-28.539095,311.8656,20.991892,-39.116657,60.94089,1.3255229,-101.15569,4.8931675,10.603766,50.274372,-0.027019667,-27.635199,66.102585,5.6053276,-7.8927064,0.3237988,-7.043647,39.83959,20.376966,-1.3345064,-27.499392,-18.60477,0.29055429,128.46722,-43.173954,-3.7038543,38.959156,-375.08588,4.286927,35.55274,290.2704,-30.121922,17.188103,4.2740903,3.3728523,-82.06902,37.702026,32.080357,15.515305,-3.5842228,-391.63086,63.41658,11.390467,24.44695,46.76436,51.706898,56.95729,41.608482,9.190273,18.10754,-23.184914,-68.246376,-10.630551,-57.986446,-10.7497425,5.7665873,294.2685,13.718414,-31.90534,40.74361,-197.63525,7.743138,-113.28611,-431.11667,-41.10632,-25.085323,18.932789,2.819583,7.468107,78.05484,-16.20641,146.01942,-23.357931,39.81429,252.34117,1.0088891,-50.961124,4.8062,-8.470974
TCGA-44-5643-01A-01R-1628-07,-18.904243,-63.11357,62.070747,217.02786,-255.87456,20.48855,-6.25323,35.636402,89.09166,122.02074,-21.378572,-50.086777,-4.5344024,149.13884,-47.616,3.3910213,-25.59469,-23.859911,-44.807617,-11.694134,-6.024898,-7.6565437,52.350323,26.56399,15.734933,14.959785,-42.43462,109.29737,-48.11559,-3.491716,45.89035,-83.858055,-43.411716,27.937778,-254.66125,11.41657,4.454089,-42.54092,56.3678,23.265055,24.446768,50.98143,-12.885455,149.6835,9.498399,-27.60523,42.71567,-15.41871,-78.99921,36.991188,6.474757,42.25483,24.473886,-41.105476,59.26251,9.600314,3.5650356,-3.170007,-8.660172,40.316902,23.131529,-14.833091,-11.417038,-19.613945,-6.0142546,112.717514,-39.010418,3.5341895,41.337948,-316.10706,23.08874,58.672882,468.30066,-23.777012,16.291553,-11.16457,9.497744,111.6378,34.50223,11.575372,24.383799,-7.6866646,-221.81184,59.07546,8.622929,39.42687,33.773674,37.696743,46.47636,62.683235,20.5611,9.282096,-30.32186,-78.09735,-22.444267,-71.68397,-2.0789583,14.863761,245.68861,31.156784,-44.80251,18.316015,-134.23131,12.269221,-20.216972,-379.63538,-72.2302,-39.950977,23.933533,-9.583247,5.0266323,168.08102,-0.88700175,-25.089142,-24.508646,24.409023,139.34769,-7.669866,-48.362587,1.7428616,-10.164773
TCGA-50-5045-01A-01R-1628-07,-382.0349,-91.61101,97.522736,140.49695,118.586685,42.01809,-37.225567,158.9999,112.160576,248.43204,-25.910028,-138.60194,-75.86245,277.35977,-54.527153,26.22886,-39.645523,-62.689823,-69.88166,30.790342,-23.865168,-82.596176,31.400532,35.76453,-16.856928,70.9945,-104.02325,150.2728,-60.002533,-541.8186,40.805634,-102.93266,-71.631546,83.17123,-395.258,32.13937,11.210998,-108.22189,60.399456,3.1916125,64.1124,96.84161,-54.571884,808.45715,61.49688,-90.84685,124.16052,26.569628,-197.0196,-40.485325,47.935276,124.640114,-271.03198,-29.094587,107.27008,-33.23258,-47.396244,26.134026,-1.1625935,70.931465,39.974167,16.8727,-59.273407,-35.44094,18.943243,261.15112,-108.016045,-16.282124,64.05043,-632.98,11.691024,78.04814,521.31244,-39.43506,44.179066,46.613052,3.2739716,-209.3986,81.59164,111.66922,6.250915,-9.213296,-990.45416,122.22489,13.1452875,63.10056,100.9556,127.78221,135.685,57.560566,1.9404507,63.91698,-59.33563,-83.55069,-17.311922,-89.96933,-17.56769,1.4485335,572.2591,-24.453434,-26.042105,123.77385,-613.80536,4.2219563,-474.5126,-828.2831,-45.874424,-37.449516,28.455168,23.525047,50.33046,42.35934,-66.33748,519.2305,-50.2554,85.624664,881.83484,16.126017,-79.57214,23.770428,18.949102
TCGA-05-4410-01A-21R-1858-07,-248.33714,-44.75764,-4.3316503,-99.45944,-52.58831,9.680062,-20.185862,62.051216,87.13213,126.43267,-14.700751,-55.582436,-34.952305,203.36415,-29.775257,1.0513717,-55.872616,-33.246185,-34.39138,11.0071125,-12.735725,-195.2274,24.015755,24.09422,1.128042,29.285843,-55.09205,61.67404,-17.21475,-281.254,21.13507,-52.466003,-33.083996,25.289082,-218.71918,18.900797,-8.044101,-29.198542,24.062222,10.129452,29.79939,51.044434,-9.470705,280.94995,21.506252,-31.942476,50.994823,12.146193,-85.31948,-14.173981,34.686886,68.032364,-303.87158,-4.79094,35.86877,-3.9982278,-15.370452,25.290949,7.964849,33.800663,27.95301,17.644253,-18.905672,-18.291079,17.818274,111.731735,-73.28774,-7.9706106,19.437805,-351.4019,24.753742,20.172869,213.0085,-13.056796,28.739635,11.812042,-5.4272532,22.00368,39.94353,34.35483,9.956623,-25.880379,-359.78983,85.111015,-1.8585289,15.610566,46.081173,10.049785,54.418915,45.69515,-5.0295486,21.468914,-33.48125,-26.300287,-11.663316,-31.89318,-1.675183,13.191845,217.20824,-11.749837,-53.660587,45.041542,-274.75882,14.92667,-149.7781,-452.28647,-18.381687,-13.166068,7.227452,13.36596,15.80947,96.67273,-33.93393,112.45029,-22.73236,32.17707,446.326,9.558503,-28.771141,15.353655,13.283637
TCGA-62-A46P-01A-11R-A24H-07,-985.40906,-106.154686,-504.4736,-908.45197,-212.28903,-32.05026,-64.79157,197.1957,241.2515,187.03201,18.608498,-124.51495,-160.38557,727.1272,18.08161,5.114095,-26.818195,-45.40888,-98.924034,124.50138,-19.371567,340.83044,93.81858,6.3162575,106.4844,71.38933,-159.73914,118.000145,-4.5833955,-1450.5891,-0.8196894,-166.14415,-0.97074085,64.397514,-112.86085,-14.02054,-13.322854,-97.094246,58.980247,-23.832325,80.070145,55.66073,-89.097275,809.8334,37.48202,-136.3882,71.40364,76.0022,-178.66557,-27.494179,140.24231,91.59295,-615.4099,90.25688,34.619926,-186.13661,-92.578995,103.48345,-32.358463,105.39772,-21.322989,10.952683,-71.865166,-43.34654,113.37653,231.54994,-83.63244,-88.23817,48.488297,-539.79,-49.95517,51.170246,137.42213,-52.49056,100.16038,91.32651,-47.636623,-8.053855,11.491898,-17.23943,-65.41998,31.745827,-1453.3995,142.53984,57.48073,60.557465,82.33289,-297.46225,172.45512,32.00175,-126.00686,10.711121,-13.217051,-187.35553,-14.098924,-74.662285,96.497635,2.6509333,-123.5493,-120.03031,9.522397,146.91788,329.4704,-24.871716,-714.0602,-1321.1477,41.07997,37.77474,-85.51281,22.340874,33.15218,-741.8878,-96.916565,489.07172,-81.1834,26.613203,277.25607,117.56477,-51.88595,70.060684,223.66988
TCGA-63-6202-01A-11R-1820-07,-105.91161,-56.68929,116.48345,113.361145,-181.8091,10.274448,-11.861668,58.41362,71.89676,136.47334,-20.500038,-69.38075,-30.07156,184.91449,-34.797672,3.0884292,-21.897736,-34.08974,-29.464115,5.75272,-0.93769515,101.00968,26.16583,14.284944,3.67139,23.453794,-48.004833,92.72147,-37.821358,-157.04822,24.771944,-71.686424,-32.25401,32.676277,-217.38258,11.579739,17.106426,-45.27999,26.363773,5.6459966,23.631836,49.47771,-15.4342985,277.39334,17.50008,-40.36763,49.640545,3.151339,-127.79298,-0.5800806,13.517462,54.71596,-84.83894,-24.017672,51.01823,15.472349,-16.416357,13.0178175,3.3313038,40.478985,8.509581,4.1579204,-21.229233,-23.176912,-2.1906831,116.610344,-54.2135,-5.066772,37.806923,-357.04706,7.2358904,46.437035,293.60376,-17.35284,10.918641,7.2073593,5.9153156,-105.47719,33.889088,79.44119,8.027178,-10.29981,-301.4081,53.10144,6.838388,38.13843,35.14745,122.77242,54.747047,41.93636,8.299422,18.820135,-30.65818,-75.14548,-21.44504,-39.46334,-21.667624,7.8082237,267.948,13.015237,-36.78646,26.949135,-380.3104,2.3415241,-73.23799,-439.11823,-25.437565,-23.179169,16.466549,-6.815568,19.610626,-18.105015,-13.500235,162.64421,-33.989536,33.619728,279.96097,0.92039853,-36.23279,14.857623,29.058975
TCGA-94-7557-01A-11R-2125-07,-101.35908,-76.92415,46.675632,208.56728,88.748245,29.906635,-22.54977,92.464554,97.35848,138.82538,-17.198465,-89.301384,-26.78815,174.83475,-38.849773,21.883839,-37.540356,-19.42983,-51.136127,18.35641,-21.354868,-114.34325,19.425648,20.187532,-9.431662,36.86237,-44.53748,94.23466,-44.891113,-208.44724,35.662777,-71.66834,-55.521076,49.937626,-389.8594,20.680296,3.0893905,-68.64504,56.193928,5.3796554,46.21222,38.657116,-39.02216,424.85703,31.440714,-50.074066,72.630066,13.153055,-132.02917,-4.3531284,16.657032,44.308178,-22.779852,-34.26316,61.219658,-32.769062,-16.481234,1.9889798,-9.725523,43.566864,32.738274,7.8962154,-40.946503,-10.333771,-3.6150346,188.88971,-62.620026,-15.277373,39.301895,-477.83627,3.8787339,38.875168,288.02237,-37.62375,23.092323,16.882076,7.3498597,-55.880394,61.211143,24.577673,15.177338,2.6837044,-540.19366,102.620735,7.3881865,35.115753,61.059242,32.074665,84.50383,57.397953,10.597981,32.612743,-34.837025,-59.988598,-10.2409315,-61.538227,-14.57482,3.8029528,383.41824,-3.840172,-4.0041776,83.265396,-169.7469,-1.276064,-178.167,-489.48746,-43.649876,-21.764666,27.018866,9.136234,20.479897,33.371033,-32.726357,244.39714,-20.42705,44.025677,501.57306,8.600696,-73.35227,-0.6496152,-2.1635582
TCGA-05-4405-01A-21R-1858-07,-145.10997,-47.52648,20.739218,-26.042057,-126.00954,7.5928082,-22.006605,48.13639,70.49278,99.27552,-9.051823,-41.467445,-29.12203,210.00772,-21.829273,-3.6401148,-25.26814,-23.066547,-23.391273,9.679565,-6.931311,-44.26011,21.330976,14.531564,4.9863396,21.77266,-49.840874,66.4113,-13.984939,-210.82005,13.908899,-70.583954,-24.287973,21.37392,-182.42963,12.498517,4.4854608,-32.881126,18.312738,1.2939435,24.386787,29.464756,-10.999382,254.41864,13.799727,-25.903402,47.887672,9.03303,-110.68354,-17.200567,23.7914,55.220493,-109.66587,-3.0028036,49.050873,-4.6104393,-16.24157,17.404503,1.6072793,30.456982,7.110024,-0.74424225,-22.930714,-12.992816,7.990684,79.698425,-40.512753,-1.6979941,14.643527,-275.60416,6.286731,11.086972,250.08665,-17.325274,19.393902,11.42494,-0.3136055,-56.84466,29.779655,32.968193,1.7568413,-10.285454,-272.7065,46.98163,3.6308286,15.147683,34.137638,39.621834,49.864376,31.218195,-6.160297,14.292656,-20.797405,-33.599766,-10.235746,-27.823944,-16.189148,5.285547,214.2963,-6.413754,-43.66907,24.172338,-206.13593,5.6726384,-102.04124,-406.98248,-19.075111,-7.048507,3.9561133,3.147415,2.210694,-26.204231,-23.800407,201.55748,-24.05917,21.062696,288.70016,12.677262,-27.303188,13.750718,29.7841
TCGA-95-A4VN-01A-11R-A262-07,-316.42102,-55.335922,20.885244,-64.669075,22.153406,12.157651,-27.26462,93.03894,92.07138,141.60663,-18.045542,-71.88699,-54.708153,271.87445,-36.53883,2.1317818,-20.323986,-48.284054,-35.214962,13.457384,-10.434999,-119.34621,37.908817,32.41394,24.77137,45.883663,-55.445038,97.41179,-36.17403,-379.26065,17.720806,-42.933697,-44.22002,36.28474,-211.48419,20.742561,-0.77335924,-49.251396,32.218304,9.913,31.752108,50.131332,-15.649527,474.07224,40.62533,-55.97042,50.36359,15.853511,-109.963036,-4.2736816,41.26023,89.6794,-374.46902,-4.7728844,48.252136,-4.3766527,-29.816929,29.710964,5.3667765,40.38152,29.343567,0.9695908,-27.928173,-27.114208,25.118753,142.22195,-69.53115,-5.1534567,32.518658,-361.89313,24.077412,13.898905,404.96707,-12.074898,32.221806,20.648308,0.92330205,40.60157,46.04809,54.822224,1.4404066,-18.26666,-512.2961,90.77713,7.9832797,31.034864,58.770725,44.685204,78.55562,49.376907,2.2292676,39.88816,-44.48815,-42.38039,-15.704849,-54.510616,-4.5846696,8.926418,293.63516,-18.37218,-45.861988,74.38315,-399.103,7.836468,-279.6795,-627.01306,-28.411352,-14.434525,2.7996058,24.345755,15.977417,94.635345,-43.30933,306.72183,-34.470436,45.520905,559.38916,16.922808,-34.869858,19.556812,22.320642
TCGA-66-2789-01A-01R-0980-07,-262.34583,-65.047676,-11.222189,127.607475,142.42268,32.33935,-37.113914,118.59423,99.363846,144.16096,-1.5944154,-93.72162,-43.280678,281.06537,-39.89626,10.343831,-32.356052,-10.389808,-59.71363,13.155954,-23.602543,-239.23564,31.514214,42.524406,-9.28659,50.908524,-49.000294,103.90454,-38.795216,-342.92694,25.015804,-74.58953,-55.23535,57.756207,-243.04796,27.006386,-12.070836,-74.55673,55.34633,0.8751349,50.312145,57.442657,-43.906464,606.7481,44.33621,-55.74478,91.37643,11.139151,-107.54162,-11.280374,26.703192,91.080154,-172.03586,-14.118931,80.19479,-45.64513,-19.874172,10.673151,-10.558427,40.269043,33.234715,5.0535183,-47.31579,-11.372978,14.170498,185.98969,-97.079666,-1.3247664,46.700104,-348.93774,10.217363,5.6324115,457.09784,-35.89065,42.232246,37.92647,-0.794615,9.501432,66.69113,-10.53846,15.881043,-6.456607,-673.8389,99.96928,16.370804,36.584885,77.55938,-21.157278,100.64371,50.07034,16.525152,50.045853,-25.9306,-24.068117,-3.5180154,-59.949116,-34.222015,5.272732,475.9639,-29.14374,-30.345108,119.55586,-250.46233,2.905187,-515.7659,-736.118,-61.30667,-30.550446,18.546461,26.36192,10.994182,152.79039,-56.00806,428.2889,-18.35224,55.798874,656.24896,5.7398005,-57.485924,21.782084,-16.859877
TCGA-86-A456-01A-11R-A24H-07,-546.00885,-70.964615,-116.14932,23.190804,246.42851,34.346745,-77.21701,169.24965,124.338875,201.70352,-2.304185,-89.03978,-66.43032,458.63104,-34.990948,-0.641974,-78.989075,-32.605923,-54.126152,24.396383,-23.369196,-421.0063,38.500927,34.592445,-30.507076,50.22417,-87.5785,114.532104,-23.57797,-827.7452,20.738867,-126.74678,-62.28751,58.03744,-377.431,55.126537,-16.96772,-86.352234,44.433746,-5.281491,62.267334,65.02478,-47.50846,869.4291,60.88515,-80.287155,128.03705,33.626186,-172.64609,-48.69615,59.561348,154.87245,-448.77637,10.791792,105.24839,-125.58857,-52.490185,36.38193,1.2097728,43.064037,43.393158,9.121256,-66.64097,-4.8117394,19.426527,246.39372,-139.50536,-6.612864,30.392435,-473.6624,33.08203,-0.6071472,495.5485,-15.766519,75.70705,70.66861,-11.439165,75.41877,112.06448,-23.281773,23.570246,-0.8779503,-834.4409,159.84735,8.272461,72.13264,93.764275,-69.11137,146.37215,77.54007,-2.123476,62.509846,-59.353203,33.556587,-21.732693,-39.135914,-63.100533,9.060985,641.9068,-74.23717,-40.89041,169.00014,-434.87592,-12.29591,-707.3983,-943.2249,-71.86155,-29.344505,22.349724,32.859203,48.168617,158.84366,-91.82678,644.24805,-9.409666,70.94571,1368.6646,31.827328,-61.849056,21.253752,5.8223457
